/*M!999999\- enable the sandbox mode */
-- MariaDB dump 10.19  Distrib 10.11.10-MariaDB, for debian-linux-gnu (x86_64)
--
-- Host: db    Database: db
-- ------------------------------------------------------
-- Server version	10.3.39-MariaDB-1:10.3.39+maria~ubu2004-log

/*!40101 SET @OLD_CHARACTER_SET_CLIENT=@@CHARACTER_SET_CLIENT */;
/*!40101 SET @OLD_CHARACTER_SET_RESULTS=@@CHARACTER_SET_RESULTS */;
/*!40101 SET @OLD_COLLATION_CONNECTION=@@COLLATION_CONNECTION */;
/*!40101 SET NAMES utf8mb4 */;
/*!40103 SET @OLD_TIME_ZONE=@@TIME_ZONE */;
/*!40103 SET TIME_ZONE='+00:00' */;
/*!40014 SET @OLD_UNIQUE_CHECKS=@@UNIQUE_CHECKS, UNIQUE_CHECKS=0 */;
/*!40014 SET @OLD_FOREIGN_KEY_CHECKS=@@FOREIGN_KEY_CHECKS, FOREIGN_KEY_CHECKS=0 */;
/*!40101 SET @OLD_SQL_MODE=@@SQL_MODE, SQL_MODE='NO_AUTO_VALUE_ON_ZERO' */;
/*!40111 SET @OLD_SQL_NOTES=@@SQL_NOTES, SQL_NOTES=0 */;

--
-- Table structure for table `AgeRanges`
--

DROP TABLE IF EXISTS `AgeRanges`;
/*!40101 SET @saved_cs_client     = @@character_set_client */;
/*!40101 SET character_set_client = utf8 */;
CREATE TABLE `AgeRanges` (
  `agerangeid` int(11) NOT NULL AUTO_INCREMENT,
  `agerangename` varchar(100) DEFAULT NULL,
  `display_order` int(11) NOT NULL DEFAULT 0,
  PRIMARY KEY (`agerangeid`)
) ENGINE=InnoDB AUTO_INCREMENT=9 DEFAULT CHARSET=utf8 COLLATE=utf8_general_ci;
/*!40101 SET character_set_client = @saved_cs_client */;

--
-- Dumping data for table `AgeRanges`
--

LOCK TABLES `AgeRanges` WRITE;
/*!40000 ALTER TABLE `AgeRanges` DISABLE KEYS */;
INSERT INTO `AgeRanges` VALUES
(1,'0-10',10),
(2,'11-17',20),
(3,'18-24',30),
(4,'25-34',40),
(5,'35-44',50),
(6,'45-54',60),
(7,'55-64',70),
(8,'65+',80);
/*!40000 ALTER TABLE `AgeRanges` ENABLE KEYS */;
UNLOCK TABLES;

--
-- Table structure for table `BioEditStatuses`
--

DROP TABLE IF EXISTS `BioEditStatuses`;
/*!40101 SET @saved_cs_client     = @@character_set_client */;
/*!40101 SET character_set_client = utf8 */;
CREATE TABLE `BioEditStatuses` (
  `bioeditstatusid` int(11) NOT NULL AUTO_INCREMENT,
  `bioeditstatusname` varchar(60) DEFAULT NULL,
  `display_order` int(11) NOT NULL DEFAULT 0,
  PRIMARY KEY (`bioeditstatusid`)
) ENGINE=InnoDB AUTO_INCREMENT=5 DEFAULT CHARSET=utf8 COLLATE=utf8_general_ci;
/*!40101 SET character_set_client = @saved_cs_client */;

--
-- Dumping data for table `BioEditStatuses`
--

LOCK TABLES `BioEditStatuses` WRITE;
/*!40000 ALTER TABLE `BioEditStatuses` DISABLE KEYS */;
INSERT INTO `BioEditStatuses` VALUES
(1,'Needs editing and translation',1),
(2,'Editing done--needs translation',2),
(3,'Translation done--needs editing',3),
(4,'Editing and translation done',4);
/*!40000 ALTER TABLE `BioEditStatuses` ENABLE KEYS */;
UNLOCK TABLES;

--
-- Table structure for table `CongoDump`
--

DROP TABLE IF EXISTS `CongoDump`;
/*!40101 SET @saved_cs_client     = @@character_set_client */;
/*!40101 SET character_set_client = utf8 */;
CREATE TABLE `CongoDump` (
  `badgeid` varchar(15) NOT NULL DEFAULT '',
  `firstname` varchar(30) DEFAULT NULL,
  `lastname` varchar(40) DEFAULT NULL,
  `badgename` varchar(51) DEFAULT NULL,
  `phone` varchar(100) DEFAULT NULL,
  `email` varchar(100) DEFAULT NULL,
  `postaddress1` varchar(100) DEFAULT NULL,
  `postaddress2` varchar(100) DEFAULT NULL,
  `postcity` varchar(50) DEFAULT NULL,
  `poststate` varchar(25) DEFAULT NULL,
  `postzip` varchar(10) DEFAULT NULL,
  `postcountry` varchar(25) DEFAULT NULL,
  `regtype` varchar(40) DEFAULT NULL,
  `badgenumber` int(4) DEFAULT NULL,
  `last_login` timestamp NOT NULL DEFAULT current_timestamp(),
  `alternatebadgeid` varchar(15) DEFAULT NULL,
  `last_reg_update` timestamp NOT NULL DEFAULT current_timestamp(),
  PRIMARY KEY (`badgeid`)
) ENGINE=InnoDB DEFAULT CHARSET=utf8 COLLATE=utf8_general_ci ROW_FORMAT=DYNAMIC COMMENT='Contains user information from registration system.';
/*!40101 SET character_set_client = @saved_cs_client */;

--
-- Dumping data for table `CongoDump`
--

LOCK TABLES `CongoDump` WRITE;
/*!40000 ALTER TABLE `CongoDump` DISABLE KEYS */;
INSERT INTO `CongoDump` VALUES
('1','Joe','Staff','Staff','781-555-1212','someone@somewhere.com','123 First Street',NULL,'Arlington','MA','02474','USA',NULL,NULL,'2025-01-26 11:41:21',NULL,'2000-01-01 12:34:56'),
('2','Jane','Participant','Participant','617-555-1212','someoneelse@somewhereelse.com','123 Fifth Street',NULL,'Boston','MA','02100','USA',NULL,NULL,'2000-01-01 12:34:56',NULL,'2000-01-01 12:34:56');
/*!40000 ALTER TABLE `CongoDump` ENABLE KEYS */;
UNLOCK TABLES;

--
-- Table structure for table `CongoDumpHistory`
--

DROP TABLE IF EXISTS `CongoDumpHistory`;
/*!40101 SET @saved_cs_client     = @@character_set_client */;
/*!40101 SET character_set_client = utf8 */;
CREATE TABLE `CongoDumpHistory` (
  `badgeid` varchar(15) NOT NULL DEFAULT '',
  `firstname` varchar(30) DEFAULT NULL,
  `lastname` varchar(40) DEFAULT NULL,
  `badgename` varchar(51) DEFAULT NULL,
  `phone` varchar(100) DEFAULT NULL,
  `email` varchar(100) DEFAULT NULL,
  `postaddress1` varchar(100) DEFAULT NULL,
  `postaddress2` varchar(100) DEFAULT NULL,
  `postcity` varchar(50) DEFAULT NULL,
  `poststate` varchar(25) DEFAULT NULL,
  `postzip` varchar(10) DEFAULT NULL,
  `postcountry` varchar(25) DEFAULT NULL,
  `regtype` varchar(40) DEFAULT NULL,
  `createdts` timestamp NOT NULL DEFAULT current_timestamp(),
  `createdbybadgeid` varchar(15) NOT NULL DEFAULT '',
  `inactivatedts` timestamp NULL DEFAULT NULL,
  `inactivatedbybadgeid` varchar(15) DEFAULT NULL,
  PRIMARY KEY (`badgeid`,`createdts`),
  KEY `badgeid` (`badgeid`),
  KEY `createdbybadgeid` (`createdbybadgeid`),
  KEY `inactivatedbybadgeid` (`inactivatedbybadgeid`),
  CONSTRAINT `CongoDumpHistory_ibfk_1` FOREIGN KEY (`badgeid`) REFERENCES `Participants` (`badgeid`),
  CONSTRAINT `CongoDumpHistory_ibfk_2` FOREIGN KEY (`createdbybadgeid`) REFERENCES `Participants` (`badgeid`),
  CONSTRAINT `CongoDumpHistory_ibfk_3` FOREIGN KEY (`inactivatedbybadgeid`) REFERENCES `Participants` (`badgeid`)
) ENGINE=InnoDB DEFAULT CHARSET=utf8 COLLATE=utf8_general_ci ROW_FORMAT=DYNAMIC COMMENT='Contains changes to user information from registration system.';
/*!40101 SET character_set_client = @saved_cs_client */;

--
-- Dumping data for table `CongoDumpHistory`
--

LOCK TABLES `CongoDumpHistory` WRITE;
/*!40000 ALTER TABLE `CongoDumpHistory` DISABLE KEYS */;
/*!40000 ALTER TABLE `CongoDumpHistory` ENABLE KEYS */;
UNLOCK TABLES;

--
-- Table structure for table `Credentials`
--

DROP TABLE IF EXISTS `Credentials`;
/*!40101 SET @saved_cs_client     = @@character_set_client */;
/*!40101 SET character_set_client = utf8 */;
CREATE TABLE `Credentials` (
  `credentialid` int(11) NOT NULL AUTO_INCREMENT,
  `credentialname` varchar(100) DEFAULT NULL,
  `display_order` int(11) DEFAULT NULL,
  PRIMARY KEY (`credentialid`)
) ENGINE=InnoDB AUTO_INCREMENT=6 DEFAULT CHARSET=utf8 COLLATE=utf8_general_ci;
/*!40101 SET character_set_client = @saved_cs_client */;

--
-- Dumping data for table `Credentials`
--

LOCK TABLES `Credentials` WRITE;
/*!40000 ALTER TABLE `Credentials` DISABLE KEYS */;
INSERT INTO `Credentials` VALUES
(1,'Professional Artist',1),
(2,'Professional Editor',2),
(3,'Professional Musician',3),
(4,'Published Author',4),
(5,'Web Comics Creator',5);
/*!40000 ALTER TABLE `Credentials` ENABLE KEYS */;
UNLOCK TABLES;

--
-- Table structure for table `CustomText`
--

DROP TABLE IF EXISTS `CustomText`;
/*!40101 SET @saved_cs_client     = @@character_set_client */;
/*!40101 SET character_set_client = utf8 */;
CREATE TABLE `CustomText` (
  `customtextid` int(11) NOT NULL AUTO_INCREMENT,
  `page` varchar(100) DEFAULT NULL,
  `tag` varchar(25) DEFAULT NULL,
  `textcontents` text DEFAULT NULL,
  PRIMARY KEY (`customtextid`),
  UNIQUE KEY `page` (`page`,`tag`)
) ENGINE=InnoDB AUTO_INCREMENT=19 DEFAULT CHARSET=utf8 COLLATE=utf8_general_ci;
/*!40101 SET character_set_client = @saved_cs_client */;

--
-- Dumping data for table `CustomText`
--

LOCK TABLES `CustomText` WRITE;
/*!40000 ALTER TABLE `CustomText` DISABLE KEYS */;
INSERT INTO `CustomText` VALUES
(1,'My Profile','biography_note','<p>Note: We plan to provide a portable version of the Programming Guide that\'s friendly to mobile devices and computers alike. The biography you list here will be listed in the portable version linked to your name so that people may learn more about you. Please verify the text for publication.</p>\r\n<p>&nbsp;</p>'),
(2,'My Availability','note_after_times','<div>Please note: Guests of Honor are expected to attend Opening and Closing Ceremonies.</div>'),
(3,'My Schedule','not_enough_panels',' If you believe this to be in error, please contact <a class=\"alert-link\" href=\"mailto:programming@zzzzzzzz.org\"> Programming</a>.'),
(4,'My Schedule','enough_panels',' If you believe this to be in error, please contact <a class=\"alert-link\" href=\"mailto:programming@zzzzzzzz.org\"> Programming</a>.'),
(5,'My Schedule','all_panelists_1','<p>In order to put together the entire schedule, we had to schedule some panels outside of the times that certain panelists requested. If this happened to you, we would love to have you on the panel, but understand if you cannot make it. Please let us know if you cannot.</p>'),
(6,'My Schedule','all_panelists_2','<p>Several of the panels we are running this year were extremely popular with over 20 potential panelists signing up. Choosing whom to place on those panels was difficult. There is always a possibility that one of the panelists currently scheduled will be unavailable so feel free to check with us to see if a space has opened up on a panel on which you would still like to participate.</p>'),
(7,'Data Retention Consent','consent','<div><p>We collect your personal data to allow us to schedule you into programming items, to publish data about your participation in programming items, and to administer the convention.  We retain this data for the duration of this convention and to assist in planning future conventions.</p><p>We do not share this data with other conventions outside of what is published for our program guides, website, and other sites we use to publish the schedule for the convention.</p><p>We transfer this data as required to print the guides, and to provide any online guides to the programming for our convention including but not limited to our website and any other on-line programing guides we may use from time to time.</p><p>Without your consent we are unable to have you as a program participant.</p></div>'),
(8,'My Profile','registration_data','<p>Please confirm your contact information. If it is not correct, please log into zzzzzzzz\'s <a href=\"https://registration.zzzzzzzz.org\" target=\"_blank\" rel=\"noopener\">on-line registration system</a> and correct it there.</p>'),
(9,'My Photo','photo_note','Note: Photos should be of type JPEG (.jpg) or PNG (.png) and should be about 800x800. You will be able to crop and rotate the image. To upload a photo, either drag the file to be uploaded to the upload photo area or click the upload photo button to use a file picker to select the file to upload. All photos uploaded will be reviewed for approval. The approved photo will be available to publications and on-line guides. If you have an approved photo, the new photo uploaded will be added to the review queue and it will replace the approved photo once reviewed and accepted.'),
(10,'Participant View','part_overview',''),
(11,'Staff Overview','staff_overview','<p>Please note the tabs above. One of them will take you to your participant view. Another will allow you to manage Sessions. Note that Sessions is the generic term we are using for all Events, Films, Panels, Anime, Video, etc.</p>\r\n<p>The general flow of sessions over time is:</p>\r\n<ul>\r\n<li>Brainstorm - New session idea put in to the system by one of our brainstorm users. The idea may or may not be sane or good. It could be too big or too small or duplicative.</li>\r\n<li>Edit Me - New session idea that a participant or staff member entered. An idea entered by a brainstorm user that is non-offensive should be moved to this status. These are still rough and may well have issues. Still could be duplicates.</li>\r\n<li>Vetted - A real session that we\'d like to see happen. At this point the language should be fairly close to final in the description. Spell checking and grammar checking should have happened. It needs have publication status, a type, kid category, division and a room set. Please check the duration (defaults to 1 hour) and the various things the session might need (like power, mirrors, etc.) This is the minimal status that participants are allowed to sign up for. Avoid duplicates (however the list is still approximately 3 times what will actually run).</li>\r\n<li>Assigned - Session has participants assigned to it.</li>\r\n<li>Scheduled - Session is in the schedule (don\'t set this by hand as the tool actually sets this for you when you schedule it in a room!) The language needs to match what you want to see <strong>published</strong>.</li>\r\n<li>Occurred - It Happened! Fill in the estimated attendance and update any other needed information when moving the session to this status.</li>\r\n</ul>\r\n<p>There are 2 other statuses that a session can have:</p>\r\n<ul>\r\n<li>Dropped - The bit bucket. This idea is no longer under consideration. Nor will it ever be again. The most frequent reason for this is identical data to another session.</li>\r\n<li>Cancelled - Over all a good idea, but it isn\'t going to happen this year. Maybe it is too close to another idea, maybe it was dependent on a particular person attending, maybe there were scheduling complications. You should probably still say why it was cancelled. This is a category we can mine for ideas in future years.</li>\r\n</ul>\r\n<p>For your reference there are several sessions pulled over from previous years. They are here for your reference and in general should be mined for information. Feel free to import a session from a previous year into the workflow for this year if you want to see it happen this year.</p>'),
(12,'Participant Survey','survey_displayonly','<p>Note: Some questions may no longer allow you to enter/change their answers. The time has passed for when you can change them and they have been changed from answerable to display only.</p>\n<p>If you need to have an display only answer changed, please reach out to programming at the email address below.</p>'),
(13,'My Schedule','all_panelists_3','<p>All IN-PERSON program participants must purchase a membership for the convention. If you have not done so yet, you can do so at <a class=\"alert-link\" href=\"https://registration.zzzzzzzz.org\" target=\"_blank\" rel=\"noopener\">registration.zzzzzzzz.org</a>. Please contact <a class=\"alert-link\" href=\"mailto:programming@zzzzzzzz.org\"> Programming</a> if you have been told you are eligible for a complementary membership or need one in order to participate. Panelists on 3 or more in-person panels are eligible to have their membership refunded. If you are interested in increasing your number of panels to take advantage of this, please contact us and we will work with you to see if it is possible.</p><p>Participants who are virtual only will receive a complementary virtual membership.</p>'),
(14,'Participant View','post_con','<p>Thank you for your participation in the convention. With your help, it was a great con. We look forward to your participation in future conventions.</p>'),
(15,'Participant View','alerts','<div class=\"alert alert-primary\" role=\"alert\"><p>The convention does not tolerate harassment in any form. We are dedicated to providing a welcoming, enjoyable, harassment-free convention experience for all individuals, regardless of gender identity and expression, sexual orientation, disability, race, ethnicity, physical appearance, body size, age, origin, or religion. We do not tolerate racism in any form. Convention participants violating these rules may be sanctioned or expelled from the convention without a refund at the discretion of the convention organizers.</p></div>'),
(16,'My Availability','note_above_times','Living on a round planet is really annoying for a virtual convention. Please enter your availability using Chicago time, which is Central Standard Time (GMT-6). We know this can be hard to wrap your brain around. <a href=\"www.worldtimebuddy.com\">www.worldtimebuddy.com</a> can help.'),
(17,'Brainstorm','sidebar','We are humble purveyors of refined con program content and are in search of your very best topics.'),
(18,'Personal Details','personal_details_intro','<p>We are committed to diverse panelist representation on our program items. To help us do that, please consider filling in the following OPTIONAL items of demographic information. All answers will be kept strictly confidential.</p>');
/*!40000 ALTER TABLE `CustomText` ENABLE KEYS */;
UNLOCK TABLES;

--
-- Table structure for table `Divisions`
--

DROP TABLE IF EXISTS `Divisions`;
/*!40101 SET @saved_cs_client     = @@character_set_client */;
/*!40101 SET character_set_client = utf8 */;
CREATE TABLE `Divisions` (
  `divisionid` int(11) NOT NULL AUTO_INCREMENT,
  `divisionname` varchar(30) DEFAULT NULL,
  `display_order` int(11) NOT NULL DEFAULT 0,
  `email_address` varchar(255) DEFAULT NULL,
  `brainstorm_support` char(1) DEFAULT 'N',
  `external_key` varchar(255) DEFAULT NULL,
  `is_part_session_interest_allowed` tinyint(1) NOT NULL DEFAULT 0,
  PRIMARY KEY (`divisionid`)
) ENGINE=InnoDB AUTO_INCREMENT=100 DEFAULT CHARSET=utf8 COLLATE=utf8_general_ci ROW_FORMAT=DYNAMIC COMMENT='Configuration table.  A division is a property of a session.';
/*!40101 SET character_set_client = @saved_cs_client */;

--
-- Dumping data for table `Divisions`
--

LOCK TABLES `Divisions` WRITE;
/*!40000 ALTER TABLE `Divisions` DISABLE KEYS */;
INSERT INTO `Divisions` VALUES
(1,'Other',90,NULL,'N',NULL,0),
(2,'Programming',1,NULL,'N',NULL,0),
(3,'Events',2,NULL,'N',NULL,0),
(4,'Exhibits',10,NULL,'N',NULL,0),
(5,'Hotel',13,NULL,'N',NULL,0),
(7,'Multimedia',4,NULL,'N',NULL,0),
(8,'Teen',6,NULL,'N',NULL,0),
(9,'Gaming',3,NULL,'N',NULL,0),
(10,'Hospitality',10,NULL,'N',NULL,0),
(11,'Publications',11,NULL,'N',NULL,0),
(12,'Anime',12,NULL,'N',NULL,0),
(13,'Filk',13,NULL,'N',NULL,0),
(99,'Unspecified',99,NULL,'N',NULL,0);
/*!40000 ALTER TABLE `Divisions` ENABLE KEYS */;
UNLOCK TABLES;

--
-- Table structure for table `EmailCC`
--

DROP TABLE IF EXISTS `EmailCC`;
/*!40101 SET @saved_cs_client     = @@character_set_client */;
/*!40101 SET character_set_client = utf8 */;
CREATE TABLE `EmailCC` (
  `emailccid` int(11) NOT NULL AUTO_INCREMENT,
  `description` varchar(50) DEFAULT NULL,
  `display_order` int(11) NOT NULL DEFAULT 0,
  `emailaddress` varchar(255) DEFAULT NULL,
  PRIMARY KEY (`emailccid`)
) ENGINE=InnoDB AUTO_INCREMENT=3 DEFAULT CHARSET=utf8 COLLATE=utf8_general_ci CHECKSUM=1 DELAY_KEY_WRITE=1 ROW_FORMAT=DYNAMIC;
/*!40101 SET character_set_client = @saved_cs_client */;

--
-- Dumping data for table `EmailCC`
--

LOCK TABLES `EmailCC` WRITE;
/*!40000 ALTER TABLE `EmailCC` DISABLE KEYS */;
INSERT INTO `EmailCC` VALUES
(1,'None',1,NULL),
(2,'MyCon Programming',2,'programming@zzzzzzzz.com');
/*!40000 ALTER TABLE `EmailCC` ENABLE KEYS */;
UNLOCK TABLES;

--
-- Table structure for table `EmailFrom`
--

DROP TABLE IF EXISTS `EmailFrom`;
/*!40101 SET @saved_cs_client     = @@character_set_client */;
/*!40101 SET character_set_client = utf8 */;
CREATE TABLE `EmailFrom` (
  `emailfromid` int(11) NOT NULL AUTO_INCREMENT,
  `emailfromdescription` varchar(30) DEFAULT NULL,
  `display_order` int(11) NOT NULL DEFAULT 0,
  `emailfromaddress` varchar(255) DEFAULT NULL,
  PRIMARY KEY (`emailfromid`)
) ENGINE=InnoDB AUTO_INCREMENT=4 DEFAULT CHARSET=utf8 COLLATE=utf8_general_ci CHECKSUM=1 DELAY_KEY_WRITE=1 ROW_FORMAT=DYNAMIC;
/*!40101 SET character_set_client = @saved_cs_client */;

--
-- Dumping data for table `EmailFrom`
--

LOCK TABLES `EmailFrom` WRITE;
/*!40000 ALTER TABLE `EmailFrom` DISABLE KEYS */;
INSERT INTO `EmailFrom` VALUES
(1,'MyCon Programming',2,'programming@zzzzzzzz.org'),
(2,'MyCon Events',3,'events@zzzzzzzz.org'),
(3,'MyCon Con Chair',4,'chair@zzzzzzzz.org');
/*!40000 ALTER TABLE `EmailFrom` ENABLE KEYS */;
UNLOCK TABLES;

--
-- Table structure for table `EmailHistory`
--

DROP TABLE IF EXISTS `EmailHistory`;
/*!40101 SET @saved_cs_client     = @@character_set_client */;
/*!40101 SET character_set_client = utf8 */;
CREATE TABLE `EmailHistory` (
  `emailqueueid` int(11) NOT NULL AUTO_INCREMENT,
  `emailto` varchar(255) DEFAULT NULL,
  `emailfrom` varchar(255) DEFAULT NULL,
  `emailcc` varchar(255) DEFAULT NULL,
  `emailsubject` varchar(255) DEFAULT NULL,
  `status` int(11) NOT NULL,
  `emailtimestamp` timestamp NOT NULL DEFAULT current_timestamp(),
  PRIMARY KEY (`emailqueueid`)
) ENGINE=InnoDB DEFAULT CHARSET=utf8 COLLATE=utf8_general_ci;
/*!40101 SET character_set_client = @saved_cs_client */;

--
-- Dumping data for table `EmailHistory`
--

LOCK TABLES `EmailHistory` WRITE;
/*!40000 ALTER TABLE `EmailHistory` DISABLE KEYS */;
/*!40000 ALTER TABLE `EmailHistory` ENABLE KEYS */;
UNLOCK TABLES;

--
-- Table structure for table `EmailQueue`
--

DROP TABLE IF EXISTS `EmailQueue`;
/*!40101 SET @saved_cs_client     = @@character_set_client */;
/*!40101 SET character_set_client = utf8 */;
CREATE TABLE `EmailQueue` (
  `emailqueueid` int(11) NOT NULL AUTO_INCREMENT,
  `emailto` varchar(255) DEFAULT NULL,
  `emailfrom` varchar(255) DEFAULT NULL,
  `emailcc` varchar(255) DEFAULT NULL,
  `emailsubject` varchar(255) DEFAULT NULL,
  `body` text DEFAULT NULL,
  `status` int(11) NOT NULL,
  `emailtimestamp` timestamp NOT NULL DEFAULT current_timestamp() ON UPDATE current_timestamp(),
  PRIMARY KEY (`emailqueueid`)
) ENGINE=InnoDB DEFAULT CHARSET=utf8 COLLATE=utf8_general_ci;
/*!40101 SET character_set_client = @saved_cs_client */;

--
-- Dumping data for table `EmailQueue`
--

LOCK TABLES `EmailQueue` WRITE;
/*!40000 ALTER TABLE `EmailQueue` DISABLE KEYS */;
/*!40000 ALTER TABLE `EmailQueue` ENABLE KEYS */;
UNLOCK TABLES;

--
-- Table structure for table `EmailTo`
--

DROP TABLE IF EXISTS `EmailTo`;
/*!40101 SET @saved_cs_client     = @@character_set_client */;
/*!40101 SET character_set_client = utf8 */;
CREATE TABLE `EmailTo` (
  `emailtoid` int(11) NOT NULL AUTO_INCREMENT,
  `emailtodescription` varchar(75) DEFAULT NULL,
  `display_order` int(11) NOT NULL DEFAULT 0,
  `emailtoquery` text DEFAULT NULL,
  PRIMARY KEY (`emailtoid`)
) ENGINE=InnoDB AUTO_INCREMENT=8 DEFAULT CHARSET=utf8 COLLATE=utf8_general_ci DELAY_KEY_WRITE=1 ROW_FORMAT=DYNAMIC;
/*!40101 SET character_set_client = @saved_cs_client */;

--
-- Dumping data for table `EmailTo`
--

LOCK TABLES `EmailTo` WRITE;
/*!40000 ALTER TABLE `EmailTo` DISABLE KEYS */;
INSERT INTO `EmailTo` VALUES
(1,'Special accounts for testing',10,'SELECT CD.badgeid, CD.firstname, CD.lastname, CD.email, P.pubsname, CD.badgename\r\nfrom CongoDump CD join Participants P using (badgeid)\r\nwhere P.badgeid in (\'1\',\'2\') order by badgeid;'),
(2,'All Program Participants',1,'SELECT\r\nCD.badgeid, CD.firstname, CD.lastname, CD.email, P.pubsname, CD.badgename\r\n    from\r\n            CongoDump CD join\r\n            Participants P using (badgeid) join\r\n            UserHasPermissionRole UHPR using (badgeid)\r\n    where\r\n            UHPR.permroleid=3'),
(3,'Program Participants who are attending',2,'SELECT CD.badgeid, CD.firstname, CD.lastname, CD.email, P.pubsname, CD.badgename\r\nfrom CongoDump CD, Participants P , UserHasPermissionRole UHPR\r\nwhere CD.badgeid=P.badgeid and CD.badgeid=UHPR.badgeid and UHPR.permroleid=3\r\nand P.interested=1'),
(4,'Attending participants willing to read own work',3,'SELECT\r\n        CD.badgeid,\r\n        CD.firstname,\r\n        CD.lastname,\r\n        CD.email,\r\n        P.pubsname,\r\n        CD.badgename\r\n    from\r\n        CongoDump CD\r\n            join\r\n        Participants P\r\n            using (badgeid)\r\n            join\r\n        UserHasPermissionRole UHPR\r\n            using (badgeid)\r\n            join\r\n        ParticipantHasRole\r\n            using (badgeid)\r\n    where\r\n        UHPR.permroleid=3 and\r\n        P.interested=1 and\r\n        roleid = 2\r\n    order by lastname;'),
(5,'Participants who participated in Division of Programming',9,'SELECT CD.badgeid, CD.firstname, CD.lastname, CD.email, P.pubsname, CD.badgename,\r\n    P.interested\r\n  from CongoDump CD inner join Participants P on CD.badgeid=P.badgeid\r\n    and CD.email is not null and P.badgeid in\r\n (select distinct badgeid from ParticipantOnSession POS inner join Sessions S\r\n    on POS.sessionid = S.sessionid and S.statusid=3 and S.divisionid=2);'),
(6,'Have not logged in or responded to \"interested\" query',7,'SELECT CD.badgeid, CD.firstname, CD.lastname, CD.email, P.pubsname, CD.badgename FROM CongoDump CD JOIN Participants P USING (badgeid) JOIN UserHasPermissionRole UHPR USING (badgeid) WHERE UHPR.permroleid=3 AND P.interested IS NULL;'),
(7,'Scheduled Program Participants who are moderators',5,'SELECT DISTINCT\r\n        CD.badgeid,\r\n        CD.firstname,\r\n        CD.lastname,\r\n        CD.email,\r\n        P.pubsname,\r\n        CD.badgename\r\n    FROM\r\n            CongoDump CD\r\n       JOIN Participants P USING (badgeid)\r\n       JOIN UserHasPermissionRole UHPR USING (badgeid)\r\n       JOIN ParticipantOnSession POS ON (CD.badgeid = POS.badgeid AND POS.moderator = 1)\r\n       JOIN `Schedule` SCH USING (sessionid)\r\n       JOIN Sessions S ON (SCH.sessionid = S.sessionid AND S.divisionid = 2)\r\n     WHERE\r\n        UHPR.permroleid = 3\r\n    ORDER BY CD.lastname;');
/*!40000 ALTER TABLE `EmailTo` ENABLE KEYS */;
UNLOCK TABLES;

--
-- Table structure for table `Features`
--

DROP TABLE IF EXISTS `Features`;
/*!40101 SET @saved_cs_client     = @@character_set_client */;
/*!40101 SET character_set_client = utf8 */;
CREATE TABLE `Features` (
  `featureid` int(11) NOT NULL AUTO_INCREMENT,
  `featurename` varchar(50) DEFAULT NULL,
  `display_order` int(11) DEFAULT NULL,
  PRIMARY KEY (`featureid`)
) ENGINE=InnoDB AUTO_INCREMENT=14 DEFAULT CHARSET=utf8 COLLATE=utf8_general_ci COMMENT='Configuration table.  Rooms and Sessions have multiple features.';
/*!40101 SET character_set_client = @saved_cs_client */;

--
-- Dumping data for table `Features`
--

LOCK TABLES `Features` WRITE;
/*!40000 ALTER TABLE `Features` DISABLE KEYS */;
INSERT INTO `Features` VALUES
(1,'Power (110)',6),
(2,'Power (special)',7),
(3,'Internet',4),
(4,'Cable TV',1),
(5,'Fridge',3),
(6,'Running Water',8),
(7,'Window',12),
(8,'Sound Isolation',10),
(9,'Boardroom Table',2),
(10,'Mirror',5),
(11,'Toilet',11),
(12,'Shower/Bath',9),
(13,'Blackout Curtains',18);
/*!40000 ALTER TABLE `Features` ENABLE KEYS */;
UNLOCK TABLES;

--
-- Table structure for table `Interests`
--

DROP TABLE IF EXISTS `Interests`;
/*!40101 SET @saved_cs_client     = @@character_set_client */;
/*!40101 SET character_set_client = utf8 */;
CREATE TABLE `Interests` (
  `interestid` int(11) NOT NULL AUTO_INCREMENT,
  `interestname` varchar(100) NOT NULL,
  `display_order` int(11) NOT NULL,
  PRIMARY KEY (`interestid`)
) ENGINE=InnoDB AUTO_INCREMENT=29 DEFAULT CHARSET=utf8 COLLATE=utf8_general_ci;
/*!40101 SET character_set_client = @saved_cs_client */;

--
-- Dumping data for table `Interests`
--

LOCK TABLES `Interests` WRITE;
/*!40000 ALTER TABLE `Interests` DISABLE KEYS */;
INSERT INTO `Interests` VALUES
(1,'Academic',10),
(2,'Art',20),
(3,'Comics',30),
(4,'Costume/ Cosplay',40),
(5,'Conrunning/Fandom',50),
(6,'Culture/EDI',60),
(7,'Editing/Publishing',70),
(8,'Fanfic',80),
(9,'Fantasy',90),
(10,'Games - board',100),
(11,'Games - electronic',110),
(12,'Games - RPG/ TTRPG',120),
(13,'Genre History',130),
(14,'Hands-On Workshops',140),
(15,'History',150),
(16,'Horror',160),
(17,'Indie Publishing',170),
(18,'Military',180),
(19,'Music/Filk',190),
(20,'Poetry',200),
(21,'Popular Media',210),
(22,'Queer/LGBTQIA+',220),
(23,'Romance',230),
(24,'Science - Tech',240),
(25,'Science - Bio',250),
(26,'Science - Space',260),
(27,'Writing (craft of )',270),
(28,'YA',280);
/*!40000 ALTER TABLE `Interests` ENABLE KEYS */;
UNLOCK TABLES;

--
-- Table structure for table `KidsCategories`
--

DROP TABLE IF EXISTS `KidsCategories`;
/*!40101 SET @saved_cs_client     = @@character_set_client */;
/*!40101 SET character_set_client = utf8 */;
CREATE TABLE `KidsCategories` (
  `kidscatid` int(11) NOT NULL AUTO_INCREMENT,
  `kidscatname` varchar(50) DEFAULT NULL,
  `display_order` int(11) DEFAULT NULL,
  PRIMARY KEY (`kidscatid`)
) ENGINE=InnoDB AUTO_INCREMENT=5 DEFAULT CHARSET=utf8 COLLATE=utf8_general_ci COMMENT='Configuration Table.  A KidsCategory is a property of a session.';
/*!40101 SET character_set_client = @saved_cs_client */;

--
-- Dumping data for table `KidsCategories`
--

LOCK TABLES `KidsCategories` WRITE;
/*!40000 ALTER TABLE `KidsCategories` DISABLE KEYS */;
INSERT INTO `KidsCategories` VALUES
(1,'Targeted',1),
(2,'Welcome',2),
(3,'Only w/ Parent',3),
(4,'Not Allowed',4);
/*!40000 ALTER TABLE `KidsCategories` ENABLE KEYS */;
UNLOCK TABLES;

--
-- Table structure for table `LanguageStatuses`
--

DROP TABLE IF EXISTS `LanguageStatuses`;
/*!40101 SET @saved_cs_client     = @@character_set_client */;
/*!40101 SET character_set_client = utf8 */;
CREATE TABLE `LanguageStatuses` (
  `languagestatusid` int(11) NOT NULL AUTO_INCREMENT,
  `languagestatusname` varchar(30) DEFAULT NULL,
  `display_order` int(11) DEFAULT NULL,
  PRIMARY KEY (`languagestatusid`)
) ENGINE=InnoDB AUTO_INCREMENT=4 DEFAULT CHARSET=utf8 COLLATE=utf8_general_ci;
/*!40101 SET character_set_client = @saved_cs_client */;

--
-- Dumping data for table `LanguageStatuses`
--

LOCK TABLES `LanguageStatuses` WRITE;
/*!40000 ALTER TABLE `LanguageStatuses` DISABLE KEYS */;
INSERT INTO `LanguageStatuses` VALUES
(1,'English',1),
(2,'French',2),
(3,'Bilingual',3);
/*!40000 ALTER TABLE `LanguageStatuses` ENABLE KEYS */;
UNLOCK TABLES;

--
-- Table structure for table `Locations`
--

DROP TABLE IF EXISTS `Locations`;
/*!40101 SET @saved_cs_client     = @@character_set_client */;
/*!40101 SET character_set_client = utf8 */;
CREATE TABLE `Locations` (
  `locationid` int(11) NOT NULL AUTO_INCREMENT,
  `locationname` varchar(30) NOT NULL,
  `roomname` varchar(30) DEFAULT NULL,
  `locationhours` text DEFAULT NULL,
  `display_order` int(11) NOT NULL DEFAULT 0,
  PRIMARY KEY (`locationid`)
) ENGINE=InnoDB DEFAULT CHARSET=utf8 COLLATE=utf8_general_ci;
/*!40101 SET character_set_client = @saved_cs_client */;

--
-- Dumping data for table `Locations`
--

LOCK TABLES `Locations` WRITE;
/*!40000 ALTER TABLE `Locations` DISABLE KEYS */;
/*!40000 ALTER TABLE `Locations` ENABLE KEYS */;
UNLOCK TABLES;

--
-- Table structure for table `ParticipantAvailability`
--

DROP TABLE IF EXISTS `ParticipantAvailability`;
/*!40101 SET @saved_cs_client     = @@character_set_client */;
/*!40101 SET character_set_client = utf8 */;
CREATE TABLE `ParticipantAvailability` (
  `badgeid` varchar(15) NOT NULL DEFAULT '',
  `maxprog` int(11) DEFAULT NULL,
  `preventconflict` text DEFAULT NULL,
  `otherconstraints` text DEFAULT NULL,
  `numkidsfasttrack` int(11) DEFAULT NULL,
  PRIMARY KEY (`badgeid`),
  CONSTRAINT `ParticipantAvailability_ibfk_1` FOREIGN KEY (`badgeid`) REFERENCES `Participants` (`badgeid`)
) ENGINE=InnoDB DEFAULT CHARSET=utf8 COLLATE=utf8_general_ci;
/*!40101 SET character_set_client = @saved_cs_client */;

--
-- Dumping data for table `ParticipantAvailability`
--

LOCK TABLES `ParticipantAvailability` WRITE;
/*!40000 ALTER TABLE `ParticipantAvailability` DISABLE KEYS */;
/*!40000 ALTER TABLE `ParticipantAvailability` ENABLE KEYS */;
UNLOCK TABLES;

--
-- Table structure for table `ParticipantAvailabilityDays`
--

DROP TABLE IF EXISTS `ParticipantAvailabilityDays`;
/*!40101 SET @saved_cs_client     = @@character_set_client */;
/*!40101 SET character_set_client = utf8 */;
CREATE TABLE `ParticipantAvailabilityDays` (
  `badgeid` varchar(15) NOT NULL,
  `day` smallint(6) NOT NULL,
  `maxprog` int(11) DEFAULT NULL,
  PRIMARY KEY (`badgeid`,`day`),
  CONSTRAINT `ParticipantAvailabilityDays_ibfk_1` FOREIGN KEY (`badgeid`) REFERENCES `Participants` (`badgeid`)
) ENGINE=InnoDB DEFAULT CHARSET=utf8 COLLATE=utf8_general_ci;
/*!40101 SET character_set_client = @saved_cs_client */;

--
-- Dumping data for table `ParticipantAvailabilityDays`
--

LOCK TABLES `ParticipantAvailabilityDays` WRITE;
/*!40000 ALTER TABLE `ParticipantAvailabilityDays` DISABLE KEYS */;
/*!40000 ALTER TABLE `ParticipantAvailabilityDays` ENABLE KEYS */;
UNLOCK TABLES;

--
-- Table structure for table `ParticipantAvailabilityTimes`
--

DROP TABLE IF EXISTS `ParticipantAvailabilityTimes`;
/*!40101 SET @saved_cs_client     = @@character_set_client */;
/*!40101 SET character_set_client = utf8 */;
CREATE TABLE `ParticipantAvailabilityTimes` (
  `badgeid` varchar(15) NOT NULL DEFAULT '',
  `availabilitynum` int(11) NOT NULL DEFAULT 0,
  `starttime` time DEFAULT NULL,
  `endtime` time DEFAULT NULL,
  PRIMARY KEY (`badgeid`,`availabilitynum`),
  CONSTRAINT `ParticipantAvailabilityTimes_ibfk_1` FOREIGN KEY (`badgeid`) REFERENCES `Participants` (`badgeid`)
) ENGINE=InnoDB DEFAULT CHARSET=utf8 COLLATE=utf8_general_ci;
/*!40101 SET character_set_client = @saved_cs_client */;

--
-- Dumping data for table `ParticipantAvailabilityTimes`
--

LOCK TABLES `ParticipantAvailabilityTimes` WRITE;
/*!40000 ALTER TABLE `ParticipantAvailabilityTimes` DISABLE KEYS */;
/*!40000 ALTER TABLE `ParticipantAvailabilityTimes` ENABLE KEYS */;
UNLOCK TABLES;

--
-- Table structure for table `ParticipantDetails`
--

DROP TABLE IF EXISTS `ParticipantDetails`;
/*!40101 SET @saved_cs_client     = @@character_set_client */;
/*!40101 SET character_set_client = utf8 */;
CREATE TABLE `ParticipantDetails` (
  `badgeid` varchar(15) NOT NULL,
  `dayjob` varchar(255) DEFAULT NULL,
  `accessibilityissues` text DEFAULT NULL,
  `ethnicity` varchar(255) DEFAULT NULL,
  `gender` varchar(255) DEFAULT NULL,
  `sexualorientation` varchar(255) DEFAULT NULL,
  `agerangeid` int(11) NOT NULL DEFAULT 1,
  `pronounid` int(11) NOT NULL DEFAULT 1,
  `pronounother` varchar(50) DEFAULT NULL,
  PRIMARY KEY (`badgeid`),
  KEY `agerangeid` (`agerangeid`),
  KEY `pronounid` (`pronounid`),
  CONSTRAINT `ParticipantDetails_ibfk_1` FOREIGN KEY (`badgeid`) REFERENCES `Participants` (`badgeid`),
  CONSTRAINT `ParticipantDetails_ibfk_2` FOREIGN KEY (`agerangeid`) REFERENCES `AgeRanges` (`agerangeid`),
  CONSTRAINT `ParticipantDetails_ibfk_3` FOREIGN KEY (`pronounid`) REFERENCES `Pronouns` (`pronounid`)
) ENGINE=InnoDB DEFAULT CHARSET=utf8 COLLATE=utf8_general_ci;
/*!40101 SET character_set_client = @saved_cs_client */;

--
-- Dumping data for table `ParticipantDetails`
--

LOCK TABLES `ParticipantDetails` WRITE;
/*!40000 ALTER TABLE `ParticipantDetails` DISABLE KEYS */;
/*!40000 ALTER TABLE `ParticipantDetails` ENABLE KEYS */;
UNLOCK TABLES;

--
-- Table structure for table `ParticipantHasCredential`
--

DROP TABLE IF EXISTS `ParticipantHasCredential`;
/*!40101 SET @saved_cs_client     = @@character_set_client */;
/*!40101 SET character_set_client = utf8 */;
CREATE TABLE `ParticipantHasCredential` (
  `badgeid` varchar(15) NOT NULL,
  `credentialid` int(11) NOT NULL,
  PRIMARY KEY (`badgeid`,`credentialid`),
  KEY `phcfk2` (`credentialid`),
  CONSTRAINT `phcfk1` FOREIGN KEY (`badgeid`) REFERENCES `Participants` (`badgeid`),
  CONSTRAINT `phcfk2` FOREIGN KEY (`credentialid`) REFERENCES `Credentials` (`credentialid`)
) ENGINE=InnoDB DEFAULT CHARSET=utf8 COLLATE=utf8_general_ci;
/*!40101 SET character_set_client = @saved_cs_client */;

--
-- Dumping data for table `ParticipantHasCredential`
--

LOCK TABLES `ParticipantHasCredential` WRITE;
/*!40000 ALTER TABLE `ParticipantHasCredential` DISABLE KEYS */;
/*!40000 ALTER TABLE `ParticipantHasCredential` ENABLE KEYS */;
UNLOCK TABLES;

--
-- Table structure for table `ParticipantHasInterest`
--

DROP TABLE IF EXISTS `ParticipantHasInterest`;
/*!40101 SET @saved_cs_client     = @@character_set_client */;
/*!40101 SET character_set_client = utf8 */;
CREATE TABLE `ParticipantHasInterest` (
  `badgeid` varchar(15) NOT NULL,
  `interestid` int(11) NOT NULL,
  PRIMARY KEY (`badgeid`,`interestid`),
  KEY `phifk2` (`interestid`),
  CONSTRAINT `phifk1` FOREIGN KEY (`badgeid`) REFERENCES `Participants` (`badgeid`),
  CONSTRAINT `phifk2` FOREIGN KEY (`interestid`) REFERENCES `Interests` (`interestid`)
) ENGINE=InnoDB DEFAULT CHARSET=utf8 COLLATE=utf8_general_ci;
/*!40101 SET character_set_client = @saved_cs_client */;

--
-- Dumping data for table `ParticipantHasInterest`
--

LOCK TABLES `ParticipantHasInterest` WRITE;
/*!40000 ALTER TABLE `ParticipantHasInterest` DISABLE KEYS */;
/*!40000 ALTER TABLE `ParticipantHasInterest` ENABLE KEYS */;
UNLOCK TABLES;

--
-- Table structure for table `ParticipantHasRole`
--

DROP TABLE IF EXISTS `ParticipantHasRole`;
/*!40101 SET @saved_cs_client     = @@character_set_client */;
/*!40101 SET character_set_client = utf8 */;
CREATE TABLE `ParticipantHasRole` (
  `badgeid` varchar(15) NOT NULL DEFAULT '',
  `roleid` int(11) NOT NULL DEFAULT 0,
  PRIMARY KEY (`badgeid`,`roleid`),
  KEY `roleid` (`roleid`),
  CONSTRAINT `ParticipantHasRole_ibfk_1` FOREIGN KEY (`badgeid`) REFERENCES `Participants` (`badgeid`),
  CONSTRAINT `ParticipantHasRole_ibfk_2` FOREIGN KEY (`roleid`) REFERENCES `Roles` (`roleid`)
) ENGINE=InnoDB DEFAULT CHARSET=utf8 COLLATE=utf8_general_ci;
/*!40101 SET character_set_client = @saved_cs_client */;

--
-- Dumping data for table `ParticipantHasRole`
--

LOCK TABLES `ParticipantHasRole` WRITE;
/*!40000 ALTER TABLE `ParticipantHasRole` DISABLE KEYS */;
/*!40000 ALTER TABLE `ParticipantHasRole` ENABLE KEYS */;
UNLOCK TABLES;

--
-- Table structure for table `ParticipantInterests`
--

DROP TABLE IF EXISTS `ParticipantInterests`;
/*!40101 SET @saved_cs_client     = @@character_set_client */;
/*!40101 SET character_set_client = utf8 */;
CREATE TABLE `ParticipantInterests` (
  `badgeid` varchar(15) NOT NULL DEFAULT '',
  `yespanels` text DEFAULT NULL,
  `nopanels` text DEFAULT NULL,
  `yespeople` text DEFAULT NULL,
  `nopeople` text DEFAULT NULL,
  `otherroles` text DEFAULT NULL,
  PRIMARY KEY (`badgeid`),
  CONSTRAINT `ParticipantInterests_ibfk_1` FOREIGN KEY (`badgeid`) REFERENCES `Participants` (`badgeid`)
) ENGINE=InnoDB DEFAULT CHARSET=utf8 COLLATE=utf8_general_ci;
/*!40101 SET character_set_client = @saved_cs_client */;

--
-- Dumping data for table `ParticipantInterests`
--

LOCK TABLES `ParticipantInterests` WRITE;
/*!40000 ALTER TABLE `ParticipantInterests` DISABLE KEYS */;
/*!40000 ALTER TABLE `ParticipantInterests` ENABLE KEYS */;
UNLOCK TABLES;

--
-- Table structure for table `ParticipantOnSession`
--

DROP TABLE IF EXISTS `ParticipantOnSession`;
/*!40101 SET @saved_cs_client     = @@character_set_client */;
/*!40101 SET character_set_client = utf8 */;
CREATE TABLE `ParticipantOnSession` (
  `participantonsessionid` int(11) NOT NULL AUTO_INCREMENT,
  `badgeid` varchar(15) NOT NULL DEFAULT '',
  `sessionid` int(11) NOT NULL DEFAULT 0,
  `moderator` tinyint(4) DEFAULT 0,
  `confirmed` varchar(16) DEFAULT NULL,
  `notes` text DEFAULT NULL,
  PRIMARY KEY (`participantonsessionid`),
  UNIQUE KEY `uniqueness` (`badgeid`,`sessionid`),
  KEY `sessionid` (`sessionid`),
  CONSTRAINT `ParticipantOnSession_ibfk_1` FOREIGN KEY (`badgeid`) REFERENCES `Participants` (`badgeid`),
  CONSTRAINT `ParticipantOnSession_ibfk_2` FOREIGN KEY (`sessionid`) REFERENCES `Sessions` (`sessionid`)
) ENGINE=InnoDB AUTO_INCREMENT=2 DEFAULT CHARSET=utf8 COLLATE=utf8_general_ci ROW_FORMAT=DYNAMIC COMMENT='Participant info captured by code.  Set by staff.';
/*!40101 SET character_set_client = @saved_cs_client */;

--
-- Dumping data for table `ParticipantOnSession`
--

LOCK TABLES `ParticipantOnSession` WRITE;
/*!40000 ALTER TABLE `ParticipantOnSession` DISABLE KEYS */;
/*!40000 ALTER TABLE `ParticipantOnSession` ENABLE KEYS */;
UNLOCK TABLES;
/*!50003 SET @saved_cs_client      = @@character_set_client */ ;
/*!50003 SET @saved_cs_results     = @@character_set_results */ ;
/*!50003 SET @saved_col_connection = @@collation_connection */ ;
/*!50003 SET character_set_client  = utf8 */ ;
/*!50003 SET character_set_results = utf8 */ ;
/*!50003 SET collation_connection  = utf8_general_ci */ ;
/*!50003 SET @saved_sql_mode       = @@sql_mode */ ;
/*!50003 SET sql_mode              = 'NO_AUTO_VALUE_ON_ZERO' */ ;
DELIMITER ;;
/*!50003 CREATE*/ /*!50017 DEFINER=`root`@`localhost`*/ /*!50003 TRIGGER POS_insert_trig AFTER INSERT ON ParticipantOnSession FOR EACH ROW
    IF (
        SELECT count(*) FROM ParticipantOnSession
            WHERE sessionid = NEW.sessionid AND moderator = 1)
        > 1 THEN
        SIGNAL sqlstate '45000' SET MESSAGE_TEXT = 'Attempted to insert more than one record with moderator = 1 for a single session into ParticipantOnSession.';
    END IF */;;
DELIMITER ;
/*!50003 SET sql_mode              = @saved_sql_mode */ ;
/*!50003 SET character_set_client  = @saved_cs_client */ ;
/*!50003 SET character_set_results = @saved_cs_results */ ;
/*!50003 SET collation_connection  = @saved_col_connection */ ;

--
-- Table structure for table `ParticipantPasswordResetRequests`
--

DROP TABLE IF EXISTS `ParticipantPasswordResetRequests`;
/*!40101 SET @saved_cs_client     = @@character_set_client */;
/*!40101 SET character_set_client = utf8 */;
CREATE TABLE `ParticipantPasswordResetRequests` (
  `badgeidentered` varchar(15) NOT NULL DEFAULT '' COMMENT 'Not necessarily a valid badgeid, so no Foreign Key',
  `email` varchar(255) NOT NULL DEFAULT '',
  `ipaddress` varchar(225) NOT NULL DEFAULT '',
  `creationdatetime` datetime NOT NULL DEFAULT current_timestamp(),
  `expirationdatetime` datetime NOT NULL DEFAULT current_timestamp(),
  `selector` char(16) NOT NULL DEFAULT '',
  `token` char(64) NOT NULL DEFAULT '',
  `cancelled` tinyint(1) NOT NULL DEFAULT 0,
  PRIMARY KEY (`badgeidentered`,`creationdatetime`),
  UNIQUE KEY `PPRR_selector` (`selector`)
) ENGINE=InnoDB DEFAULT CHARSET=utf8 COLLATE=utf8_general_ci;
/*!40101 SET character_set_client = @saved_cs_client */;

--
-- Dumping data for table `ParticipantPasswordResetRequests`
--

LOCK TABLES `ParticipantPasswordResetRequests` WRITE;
/*!40000 ALTER TABLE `ParticipantPasswordResetRequests` DISABLE KEYS */;
/*!40000 ALTER TABLE `ParticipantPasswordResetRequests` ENABLE KEYS */;
UNLOCK TABLES;

--
-- Temporary table structure for view `ParticipantPronouns`
--

DROP TABLE IF EXISTS `ParticipantPronouns`;
/*!50001 DROP VIEW IF EXISTS `ParticipantPronouns`*/;
SET @saved_cs_client     = @@character_set_client;
SET character_set_client = utf8;
/*!50001 CREATE VIEW `ParticipantPronouns` AS SELECT
 1 AS `badgeid`,
  1 AS `pronouns` */;
SET character_set_client = @saved_cs_client;

--
-- Table structure for table `ParticipantSessionInterest`
--

DROP TABLE IF EXISTS `ParticipantSessionInterest`;
/*!40101 SET @saved_cs_client     = @@character_set_client */;
/*!40101 SET character_set_client = utf8 */;
CREATE TABLE `ParticipantSessionInterest` (
  `badgeid` varchar(15) NOT NULL DEFAULT '',
  `sessionid` int(11) NOT NULL DEFAULT 0,
  `rank` int(11) DEFAULT NULL,
  `willmoderate` tinyint(1) DEFAULT NULL,
  `comments` text DEFAULT NULL,
  `attend` int(11) DEFAULT NULL,
  `attend_type` int(11) DEFAULT NULL,
  PRIMARY KEY (`badgeid`,`sessionid`),
  KEY `sessionid` (`sessionid`),
  CONSTRAINT `ParticipantSessionInterest_ibfk_1` FOREIGN KEY (`badgeid`) REFERENCES `Participants` (`badgeid`),
  CONSTRAINT `ParticipantSessionInterest_ibfk_2` FOREIGN KEY (`sessionid`) REFERENCES `Sessions` (`sessionid`),
  CONSTRAINT `ParticipantSessionInterest_ibfk_3` FOREIGN KEY (`badgeid`) REFERENCES `Participants` (`badgeid`),
  CONSTRAINT `ParticipantSessionInterest_ibfk_4` FOREIGN KEY (`sessionid`) REFERENCES `Sessions` (`sessionid`)
) ENGINE=InnoDB DEFAULT CHARSET=utf8 COLLATE=utf8_general_ci;
/*!40101 SET character_set_client = @saved_cs_client */;

--
-- Dumping data for table `ParticipantSessionInterest`
--

LOCK TABLES `ParticipantSessionInterest` WRITE;
/*!40000 ALTER TABLE `ParticipantSessionInterest` DISABLE KEYS */;
/*!40000 ALTER TABLE `ParticipantSessionInterest` ENABLE KEYS */;
UNLOCK TABLES;

--
-- Table structure for table `ParticipantSuggestions`
--

DROP TABLE IF EXISTS `ParticipantSuggestions`;
/*!40101 SET @saved_cs_client     = @@character_set_client */;
/*!40101 SET character_set_client = utf8 */;
CREATE TABLE `ParticipantSuggestions` (
  `badgeid` varchar(15) NOT NULL DEFAULT '',
  `paneltopics` text DEFAULT NULL,
  `otherideas` text DEFAULT NULL,
  `suggestedguests` text DEFAULT NULL,
  PRIMARY KEY (`badgeid`),
  CONSTRAINT `ParticipantSuggestions_ibfk_1` FOREIGN KEY (`badgeid`) REFERENCES `Participants` (`badgeid`)
) ENGINE=InnoDB DEFAULT CHARSET=utf8 COLLATE=utf8_general_ci;
/*!40101 SET character_set_client = @saved_cs_client */;

--
-- Dumping data for table `ParticipantSuggestions`
--

LOCK TABLES `ParticipantSuggestions` WRITE;
/*!40000 ALTER TABLE `ParticipantSuggestions` DISABLE KEYS */;
/*!40000 ALTER TABLE `ParticipantSuggestions` ENABLE KEYS */;
UNLOCK TABLES;

--
-- Table structure for table `ParticipantSurveyAnswers`
--

DROP TABLE IF EXISTS `ParticipantSurveyAnswers`;
/*!40101 SET @saved_cs_client     = @@character_set_client */;
/*!40101 SET character_set_client = utf8 */;
CREATE TABLE `ParticipantSurveyAnswers` (
  `participantid` varchar(15) NOT NULL,
  `questionid` int(11) NOT NULL,
  `privacy_setting` tinyint(1) NOT NULL DEFAULT 0,
  `value` varchar(8192) DEFAULT NULL,
  `othertext` varchar(512) DEFAULT NULL,
  `lastupdate` timestamp NOT NULL DEFAULT current_timestamp() ON UPDATE current_timestamp(),
  `updatedby` varchar(15) NOT NULL,
  PRIMARY KEY (`participantid`,`questionid`),
  KEY `questionid` (`questionid`),
  CONSTRAINT `ParticipantSurveyAnswers_ibfk_1` FOREIGN KEY (`participantid`) REFERENCES `Participants` (`badgeid`) ON DELETE CASCADE,
  CONSTRAINT `ParticipantSurveyAnswers_ibfk_2` FOREIGN KEY (`questionid`) REFERENCES `SurveyQuestionConfig` (`questionid`) ON DELETE CASCADE
) ENGINE=InnoDB DEFAULT CHARSET=utf8 COLLATE=utf8_general_ci ROW_FORMAT=DYNAMIC COMMENT='Participant Survey Info.';
/*!40101 SET character_set_client = @saved_cs_client */;

--
-- Dumping data for table `ParticipantSurveyAnswers`
--

LOCK TABLES `ParticipantSurveyAnswers` WRITE;
/*!40000 ALTER TABLE `ParticipantSurveyAnswers` DISABLE KEYS */;
/*!40000 ALTER TABLE `ParticipantSurveyAnswers` ENABLE KEYS */;
UNLOCK TABLES;

--
-- Table structure for table `Participants`
--

DROP TABLE IF EXISTS `Participants`;
/*!40101 SET @saved_cs_client     = @@character_set_client */;
/*!40101 SET character_set_client = utf8 */;
CREATE TABLE `Participants` (
  `badgeid` varchar(15) NOT NULL DEFAULT '',
  `password` varchar(255) DEFAULT NULL,
  `bestway` varchar(12) DEFAULT NULL,
  `interested` tinyint(1) DEFAULT NULL,
  `bio` text DEFAULT NULL,
  `htmlbio` text DEFAULT NULL,
  `pubsname` varchar(50) DEFAULT NULL,
  `sortedpubsname` varchar(50) DEFAULT NULL,
  `uploadedphotofilename` varchar(64) DEFAULT NULL,
  `approvedphotofilename` varchar(64) DEFAULT NULL,
  `photodenialreasonothertext` varchar(512) DEFAULT NULL,
  `photodenialreasonid` int(11) DEFAULT NULL,
  `photouploadstatus` int(11) DEFAULT NULL,
  `share_email` tinyint(1) DEFAULT 1,
  `staff_notes` text DEFAULT NULL,
  `use_photo` tinyint(1) DEFAULT NULL,
  `data_retention` tinyint(1) NOT NULL DEFAULT 0,
  `anonymous` varchar(1) DEFAULT 'N',
  PRIMARY KEY (`badgeid`),
  KEY `Participants_photodeny` (`photodenialreasonid`),
  KEY `participantphotostatus_fk` (`photouploadstatus`),
  CONSTRAINT `Participants_photodeny` FOREIGN KEY (`photodenialreasonid`) REFERENCES `PhotoDenialReasons` (`photodenialreasonid`),
  CONSTRAINT `participantphotostatus_fk` FOREIGN KEY (`photouploadstatus`) REFERENCES `PhotoUploadStatus` (`photouploadstatus`)
) ENGINE=InnoDB DEFAULT CHARSET=utf8 COLLATE=utf8_general_ci;
/*!40101 SET character_set_client = @saved_cs_client */;

--
-- Dumping data for table `Participants`
--

LOCK TABLES `Participants` WRITE;
/*!40000 ALTER TABLE `Participants` DISABLE KEYS */;
INSERT INTO `Participants` VALUES
('1','$2y$10$yE56xXk2bbcbyzlOSrOWvePLyfRqG0DFy9jsdMs97mKpdCzaFauh.',NULL,1,NULL,NULL,'Joe Staff','Staff,Joe',NULL,NULL,NULL,NULL,NULL,1,NULL,NULL,0,'N'),
('2','$2y$10$/j8Xcw5jMuN/MbZ63GHJw.hG76rg./Fkf5gnORqoldRo3bqVaRbaG',NULL,1,NULL,NULL,'Jane Participant','Participant,Jane',NULL,NULL,NULL,NULL,NULL,1,NULL,NULL,0,'N');
/*!40000 ALTER TABLE `Participants` ENABLE KEYS */;
UNLOCK TABLES;

--
-- Table structure for table `PatchLog`
--

DROP TABLE IF EXISTS `PatchLog`;
/*!40101 SET @saved_cs_client     = @@character_set_client */;
/*!40101 SET character_set_client = utf8 */;
CREATE TABLE `PatchLog` (
  `patchname` varchar(40) DEFAULT NULL,
  `timestamp` timestamp NOT NULL DEFAULT current_timestamp()
) ENGINE=InnoDB DEFAULT CHARSET=utf8 COLLATE=utf8_general_ci ROW_FORMAT=DYNAMIC;
/*!40101 SET character_set_client = @saved_cs_client */;

--
-- Dumping data for table `PatchLog`
--

LOCK TABLES `PatchLog` WRITE;
/*!40000 ALTER TABLE `PatchLog` DISABLE KEYS */;
INSERT INTO `PatchLog` VALUES
('01_addpermtables.sql','2025-01-26 11:10:08'),
('02_pubstats.sql','2025-01-26 11:10:08'),
('03_pubstat_constraints.sql','2025-01-26 11:10:08'),
('04_divinfo.sql','2025-01-26 11:10:08'),
('05_PermissionAtoms_update.sql','2025-01-26 11:10:08'),
('06_some_participant_perms.sql','2025-01-26 11:10:08'),
('07_participant_write_perms.sql','2025-01-26 11:10:08'),
('08_add_brainstorm.sql','2025-01-26 11:10:08'),
('09_session_history.sql','2025-01-26 11:10:08'),
('10_brainstorm_search_session.sql','2025-01-26 11:10:08'),
('10_types.sql','2025-01-26 11:10:08'),
('11_perm_bug.sql','2025-01-26 11:10:08'),
('12_patchlog.sql','2025-01-26 11:10:08'),
('13_part_avail_mon.sql','2025-01-26 11:10:08'),
('14_interested_table.sql','2025-01-26 11:10:08'),
('15_public_user.sql','2025-01-26 11:10:08'),
('16_fix_charset.sql','2025-01-26 11:10:08'),
('17_partavailnull.sql','2025-01-26 11:10:08'),
('18_editbioperms.sql','2025-01-26 11:10:08'),
('19_partavail.sql','2025-01-26 11:10:08'),
('20_bilingual.sql','2025-01-26 11:10:08'),
('21_more_bios.sql','2025-01-26 11:10:08'),
('22_validate_session.sql','2025-01-26 11:10:08'),
('29_email_queue.sql','2025-01-26 11:10:08'),
('30_congodump_address.sql','2025-01-26 11:10:08'),
('31_session_edit_history.sql','2025-01-26 11:10:08'),
('32_import_sessions.sql','2025-01-26 11:10:08'),
('33_import_participant_bios.sql','2025-01-26 11:10:08'),
('34_share_email.sql','2025-01-26 11:10:08'),
('35_staff_notes.sql','2025-01-26 11:10:08'),
('39_times.sql','2025-01-26 11:10:08'),
('40_custom_text.sql','2025-01-26 11:10:08'),
('41_credentials.sql','2025-01-26 11:10:08'),
('42_report_engine_schema.sql','2025-01-26 11:10:08'),
('43_configure_rooms.sql','2025-01-26 11:10:08'),
('44_participant_on_session_history.sql','2025-01-26 11:10:08'),
('45_drop_report_tables.sql','2025-01-26 11:10:08'),
('46_new_report_permissions.sql','2025-01-26 11:10:08'),
('47_tags.sql','2025-01-26 11:10:08'),
('48_password_reset_optional.sql','2025-01-26 11:10:08'),
('49_phases.sql','2025-01-26 11:10:08'),
('50_password_reset_self.sql','2025-01-26 11:10:08'),
('51_admin_phases.sql','2025-01-26 11:10:08'),
('52_password_security.sql','2025-01-26 11:10:08'),
('53_data_retention.sql','2025-01-26 11:10:08'),
('54_survey.sql','2025-01-26 11:10:08'),
('55_record_history.sql','2025-01-26 11:10:08'),
('56_html_bio.sql','2025-01-26 11:10:08'),
('57_create_user_permission.sql','2025-01-26 11:10:08'),
('58_roomhasset_key.sql','2025-01-26 11:10:08'),
('59_config_edit_tables.sql','2025-01-26 11:10:08'),
('60_photos.sql','2025-01-26 11:10:08'),
('61_staff_overview_ct.sql','2025-01-26 11:10:08'),
('62_import_session_html.sql','2025-01-26 11:10:08'),
('63_add_permission.sql','2025-01-26 11:10:08'),
('64ZED_add_reg_fields.sql','2025-01-26 11:10:08'),
('65ZED_add_sortedpubsname.sql','2025-01-26 11:10:08'),
('66ZED_interests.sql','2025-01-26 11:10:08'),
('67ZED_more_details.sql','2025-01-26 11:10:08'),
('68ZED_color_room_grid.sql','2025-01-26 11:10:08'),
('69ZED_service_type.sql','2025-01-26 11:10:08'),
('70ZED_missing_servicenotes.sql','2025-01-26 11:10:08'),
('71ZED_participantlabel.sql','2025-01-26 11:10:08'),
('72ZED_locations.sql','2025-01-26 11:10:08'),
('73ZED_update_services.sql','2025-01-26 11:10:08'),
('74ZED_update_previouscontracks.sql','2025-01-26 11:10:08'),
('75ZED_add_custom_text.sql','2025-01-26 11:10:08'),
('60WIS_session_hashtag.sql','2025-01-26 11:10:08'),
('63WIS_anonymous_participants.sql','2025-01-26 11:10:08'),
('61WIS_brainstorm_revisions.sql','2025-01-26 11:10:08'),
('62WIS_feedback_phase.sql','2025-01-26 11:10:08'),
('64WIS_brainstorm_tables.sql','2025-01-26 11:10:08'),
('65WIS_session_feedback.sql','2025-01-26 11:10:08'),
('66WIS_scheduling_time_slots.sql','2025-01-26 11:10:08'),
('76WIS_add_confirmation_column.sql','2025-01-26 11:10:41'),
('77ZED_pronoun_view.sql','2025-01-26 11:10:41'),
('78ZED_feedback_phase.sql','2025-01-26 11:10:41'),
('79ZED_add_partsessioninterest_field.sql','2025-01-26 11:10:41'),
('80ZED_room_report_changes.sql','2025-01-26 11:10:41'),
('81ZED_locations_roomname.sql','2025-01-26 11:10:41'),
('82ZED_volunteer_tables.sql','2025-01-26 11:10:41'),
('83ZED_modules.sql','2025-01-26 11:10:41'),
('84ZED_autoscheduler_as_module.sql','2025-01-26 11:10:41'),
('85ZED_availability_header_text.sql','2025-01-26 11:10:41'),
('86ZED_brainstorm_custom_text.sql','2025-01-26 11:10:41'),
('86ZED_session_links.sql','2025-01-26 11:10:41'),
('87ZED_brainstorm_as_module.sql','2025-01-26 11:10:41'),
('88ZED_brainstorm_ce_permissions.sql','2025-01-26 11:10:41'),
('89ZED_volunteer_to_con_info.sql','2025-01-26 11:10:41'),
('90ZED_session_history.sql','2025-01-26 11:39:38'),
('91ZED_previous_cons.sql','2025-01-26 11:41:01'),
('92ZED_personal_details_custom_text.sql','2025-01-26 11:41:01'),
('93ZED_room_schedule_module.sql','2025-01-26 11:41:01'),
('94ZED_session_number_module.sql','2025-01-26 11:41:01'),
('95ZED_availability_column_changes.sql','2025-01-26 11:41:01'),
('96ZED_table_tents_module.sql','2025-01-26 11:41:01'),
('97ZED_obs_feed_module.sql','2025-01-26 11:41:01'),
('98ZED-add-techlevel.sql','2025-01-26 11:41:01');
/*!40000 ALTER TABLE `PatchLog` ENABLE KEYS */;
UNLOCK TABLES;

--
-- Table structure for table `PermissionAtoms`
--

DROP TABLE IF EXISTS `PermissionAtoms`;
/*!40101 SET @saved_cs_client     = @@character_set_client */;
/*!40101 SET character_set_client = utf8 */;
CREATE TABLE `PermissionAtoms` (
  `permatomid` int(11) NOT NULL AUTO_INCREMENT,
  `permatomtag` varchar(32) NOT NULL DEFAULT '',
  `elementid` int(11) DEFAULT NULL,
  `page` varchar(30) DEFAULT NULL,
  `notes` text DEFAULT NULL,
  `module_id` int(11) DEFAULT NULL,
  PRIMARY KEY (`permatomid`),
  UNIQUE KEY `taginx` (`permatomtag`,`elementid`)
) ENGINE=InnoDB AUTO_INCREMENT=2066 DEFAULT CHARSET=utf8 COLLATE=utf8_general_ci;
/*!40101 SET character_set_client = @saved_cs_client */;

--
-- Dumping data for table `PermissionAtoms`
--

LOCK TABLES `PermissionAtoms` WRITE;
/*!40000 ALTER TABLE `PermissionAtoms` DISABLE KEYS */;
INSERT INTO `PermissionAtoms` VALUES
(1,'Staff',NULL,'renderWelcome','Enables staff menu link',NULL),
(2,'Administrator',NULL,'many','Reconfigure reports + ???',NULL),
(3,'Participant',NULL,'many','Login as Participant',NULL),
(4,'EditBio',NULL,'renderMyContact','Allow write to biography on my contact page',NULL),
(5,'my_availability',NULL,'ParticipantHeader','Enables menu option throughout participant section and enables page.',NULL),
(6,'search_panels',NULL,'ParticipantHeader','Enables menu option throughout participant section and enables page.',NULL),
(7,'my_panel_interests',NULL,'ParticipantHeader','Enables menu option throughout participant section and enables page.',NULL),
(8,'my_schedule',NULL,'ParticipantHeader','Enables menu option throughout participant section and enables page.',NULL),
(9,'my_suggestions_write',NULL,'MySuggestions','Enables write access to the form elements on the page MySuggestions.',NULL),
(10,'my_gen_int_write',NULL,'MyGeneralInterests','Enables write access to the form elements on the page My General Interests',NULL),
(11,'BrainstormSubmit',NULL,'EditCreateSession','Brainstorm user can create session',3),
(12,'BS_sear_sess',NULL,'SearchSessions','Brainstorm user can view sessions',NULL),
(13,'public_login',NULL,'Login','Brainstorm user can log in',NULL),
(14,'SendEmail',NULL,'StaffManageParticipants','Access to Send email set of pages',NULL),
(15,'postcon',NULL,'renderWelcome','Forces participant welcome page to display only post con message.',NULL),
(16,'EditSesNtsAsgnPartPg',NULL,'StaffAssignParticipants','Edit ?Notes for Program Staff? on ?Assign Participants? page.',NULL),
(17,'ConfigureReports',NULL,'ConfigureReports','Enable menu option',NULL),
(18,'ResetUserPassword',NULL,'AdminParticipants','No one needs this permission once password overhaul is implemented and system has email integration.',NULL),
(19,'AdminPhases',NULL,'AdminPhases','Change phase of application use, allowing which sections are current.',NULL),
(20,'CreateUser',NULL,'CreateUser','Manually create user.',NULL),
(21,'EditUserPermRoles',NULL,'Admin Participants','Control all user permission roles. Also used on create user page.',NULL),
(22,'EditUserPermRoles',3,'Admin Participants','Control participant user permission role only. Also used on create user page.',NULL),
(23,'EditUserPermRoles',2,'Admin Participants','Control staff user permission role only. Also used on create user page.',NULL),
(24,'EditUserPermRoles',8,'Admin Participants','Control GoH user permission role only. Also used on create user page.',NULL),
(30,'AdminPhotos',NULL,'Administer Photos','approve/deny photos',NULL),
(31,'SessionFeedback',NULL,'SessionFeedback','user can provide session feedback',NULL),
(102,'ExportSchedule',NULL,'ExportSchedule','This allows user to access the option to export KonOpas and/or ConClar schedule data.',NULL),
(2000,'ce_All',NULL,'Edit Configuration Tables','enables edit',NULL),
(2001,'ce_BioEditStatuses',NULL,'Edit Configuration Tables','enables edit',NULL),
(2002,'ce_Credentials',NULL,'Edit Configuration Tables','enables edit',NULL),
(2003,'ce_Divisions',NULL,'Edit Configuration Tables','enables edit',NULL),
(2004,'ce_EmailCC',NULL,'Edit Configuration Tables','enables edit',NULL),
(2005,'ce_EmailFrom',NULL,'Edit Configuration Tables','enables edit',NULL),
(2006,'ce_EmailTo',NULL,'Edit Configuration Tables','enables edit',NULL),
(2007,'ce_Features',NULL,'Edit Configuration Tables','enables edit',NULL),
(2008,'ce_KidsCategories',NULL,'Edit Configuration Tables','enables edit',NULL),
(2009,'ce_LanguageStatuses',NULL,'Edit Configuration Tables','enables edit',NULL),
(2010,'ce_PubStatuses',NULL,'Edit Configuration Tables','enables edit',NULL),
(2011,'ce_RegTypes',NULL,'Edit Configuration Tables','enables edit',NULL),
(2012,'ce_Roles',NULL,'Edit Configuration Tables','enables edit',NULL),
(2013,'ce_RoomHasSet',NULL,'Edit Configuration Tables','enables edit',NULL),
(2014,'ce_Rooms',NULL,'Edit Configuration Tables','enables edit',NULL),
(2015,'ce_RoomSets',NULL,'Edit Configuration Tables','enables edit',NULL),
(2016,'ce_Services',NULL,'Edit Configuration Tables','enables edit',NULL),
(2017,'ce_SessionStatuses',NULL,'Edit Configuration Tables','enables edit',NULL),
(2018,'ce_Tags',NULL,'Edit Configuration Tables','enables edit',NULL),
(2019,'ce_Times',NULL,'Edit Configuration Tables','enables edit',NULL),
(2020,'ce_Tracks',NULL,'Edit Configuration Tables','enables edit',NULL),
(2021,'ce_Types',NULL,'Edit Configuration Tables','enables edit',NULL),
(2030,'ce_PhotoDenialReasons',NULL,'Edit Configuration Tables','enables edit',NULL),
(2050,'ce_Interests',NULL,'Edit Configuration Tables','enables edit',NULL),
(2051,'ce_AgeRanges',NULL,'Edit Configuration Tables','enables edit',NULL),
(2052,'ce_Pronouns',NULL,'Edit Configuration Tables','enables edit',NULL),
(2053,'ce_RoomColors',NULL,'Edit Configuration Tables','enables edit',NULL),
(2054,'ce_ServiceTypes',NULL,'Edit Configuration Tables','enables edit',NULL),
(2055,'ce_Locations',NULL,'Edit Configuration Tables','enables edit',NULL),
(2056,'ce_room_report_group',NULL,'Edit Configuration Tables','enables edit',NULL),
(2057,'ce_room_report_group_has_room',NULL,'Edit Configuration Tables','enables edit',NULL),
(2058,'Volunteering',NULL,'many','Enables sign up for volunteer shifts',1),
(2059,'Volunteering Set-up',NULL,'many','Enables staff to set up volunteering schedules',1),
(2060,'AdminModules',NULL,'Admin Modules','Enables admin folks to activate modules',NULL),
(2061,'AutoScheduler',NULL,'Auto Scheduler','Allows the programming team to run the auto-scheduler',2),
(2062,'ce_perennial_con_info',NULL,'Edit Configuration Tables','enables edit',NULL),
(2063,'ce_con_info',NULL,'Edit Configuration Tables','enables edit',NULL),
(2064,'ce_con_key_dates',NULL,'Edit Configuration Tables','enables edit',NULL),
(2065,'ce_TechLevel',NULL,'Edit TechLevels Tables','enables edit',NULL);
/*!40000 ALTER TABLE `PermissionAtoms` ENABLE KEYS */;
UNLOCK TABLES;

--
-- Table structure for table `PermissionRoles`
--

DROP TABLE IF EXISTS `PermissionRoles`;
/*!40101 SET @saved_cs_client     = @@character_set_client */;
/*!40101 SET character_set_client = utf8 */;
CREATE TABLE `PermissionRoles` (
  `permroleid` int(11) NOT NULL AUTO_INCREMENT,
  `permrolename` varchar(100) DEFAULT NULL,
  `notes` text DEFAULT NULL,
  `display_order` int(11) DEFAULT NULL,
  PRIMARY KEY (`permroleid`)
) ENGINE=InnoDB AUTO_INCREMENT=15 DEFAULT CHARSET=utf8 COLLATE=utf8_general_ci ROW_FORMAT=DYNAMIC COMMENT='Configuration info.';
/*!40101 SET character_set_client = @saved_cs_client */;

--
-- Dumping data for table `PermissionRoles`
--

LOCK TABLES `PermissionRoles` WRITE;
/*!40000 ALTER TABLE `PermissionRoles` DISABLE KEYS */;
INSERT INTO `PermissionRoles` VALUES
(1,'Administrator','Reconfigure reports + ???',10),
(2,'Staff','Can access staff pages',30),
(3,'Program Participant','Login as Participant',40),
(4,'Brainstorm','Use for Brainstorm pages',999),
(5,'Event Participant','Can\'t even log in.  Just for bulk email.',60),
(6,'Event Organizer','Can\'t even log in.  Just for bulk email.',70),
(7,'Children\'s Services Participant','Can\'t even log in.  Just for bulk email.',80),
(8,'GOH','Can\'t even log in.  Just for reports.',90),
(9,'LARP','Can log in. Work\'s on LARP, but is not \"Organizer\"',100),
(10,'LARP Organizer','LARP Organizer',110),
(11,'Tabletop','Tabletop game runner or teacher',120),
(12,'Senior Staff','Can send email from application',20),
(13,'Export Schedule','Allows user to export the schedule.',50),
(14,'Volunteer Coordinator','Defines volunteer jobs and shifts',1009);
/*!40000 ALTER TABLE `PermissionRoles` ENABLE KEYS */;
UNLOCK TABLES;

--
-- Table structure for table `Permissions`
--

DROP TABLE IF EXISTS `Permissions`;
/*!40101 SET @saved_cs_client     = @@character_set_client */;
/*!40101 SET character_set_client = utf8 */;
CREATE TABLE `Permissions` (
  `permissionid` int(11) NOT NULL AUTO_INCREMENT,
  `permatomid` int(11) NOT NULL DEFAULT 0,
  `phaseid` int(11) DEFAULT 0 COMMENT 'null indicates all phases',
  `permroleid` int(11) DEFAULT 0 COMMENT 'null indicates not applicable',
  `badgeid` int(11) DEFAULT 0 COMMENT 'null indicates not applicable',
  PRIMARY KEY (`permissionid`),
  UNIQUE KEY `unique1` (`permatomid`,`phaseid`,`permroleid`,`badgeid`),
  KEY `FK_Permissions` (`phaseid`),
  KEY `FK_PRoles` (`permroleid`),
  CONSTRAINT `Permissions_ibfk_1` FOREIGN KEY (`permatomid`) REFERENCES `PermissionAtoms` (`permatomid`),
  CONSTRAINT `Permissions_ibfk_2` FOREIGN KEY (`phaseid`) REFERENCES `Phases` (`phaseid`),
  CONSTRAINT `Permissions_ibfk_3` FOREIGN KEY (`permroleid`) REFERENCES `PermissionRoles` (`permroleid`)
) ENGINE=InnoDB AUTO_INCREMENT=188 DEFAULT CHARSET=utf8 COLLATE=utf8_general_ci ROW_FORMAT=DYNAMIC COMMENT='Configuration info.';
/*!40101 SET character_set_client = @saved_cs_client */;

--
-- Dumping data for table `Permissions`
--

LOCK TABLES `Permissions` WRITE;
/*!40000 ALTER TABLE `Permissions` DISABLE KEYS */;
INSERT INTO `Permissions` VALUES
(52,1,NULL,1,NULL),
(48,1,NULL,2,NULL),
(55,1,NULL,12,NULL),
(49,2,NULL,1,NULL),
(23,3,1,1,NULL),
(12,3,1,2,NULL),
(1,3,1,3,NULL),
(34,3,1,12,NULL),
(24,4,2,1,NULL),
(13,4,2,2,NULL),
(2,4,2,3,NULL),
(35,4,2,12,NULL),
(25,5,3,1,NULL),
(14,5,3,2,NULL),
(3,5,3,3,NULL),
(36,5,3,12,NULL),
(28,6,4,1,NULL),
(17,6,4,2,NULL),
(6,6,4,3,NULL),
(39,6,4,12,NULL),
(29,7,4,1,NULL),
(18,7,4,2,NULL),
(7,7,4,3,NULL),
(40,7,4,12,NULL),
(30,8,5,1,NULL),
(19,8,5,2,NULL),
(8,8,5,3,NULL),
(41,8,5,12,NULL),
(27,9,6,1,NULL),
(16,9,6,2,NULL),
(5,9,6,3,NULL),
(38,9,6,12,NULL),
(26,10,3,1,NULL),
(15,10,3,2,NULL),
(4,10,3,3,NULL),
(37,10,3,12,NULL),
(31,11,7,1,NULL),
(20,11,7,2,NULL),
(9,11,7,3,NULL),
(45,11,7,4,NULL),
(42,11,7,12,NULL),
(32,12,7,1,NULL),
(21,12,7,2,NULL),
(10,12,7,3,NULL),
(46,12,7,4,NULL),
(43,12,7,12,NULL),
(47,13,7,4,NULL),
(59,14,NULL,1,NULL),
(58,14,NULL,12,NULL),
(33,15,8,1,NULL),
(22,15,8,2,NULL),
(11,15,8,3,NULL),
(44,15,8,12,NULL),
(53,16,NULL,1,NULL),
(50,16,NULL,2,NULL),
(56,16,NULL,12,NULL),
(60,17,NULL,1,NULL),
(54,18,NULL,1,NULL),
(51,18,NULL,2,NULL),
(57,18,NULL,12,NULL),
(61,19,NULL,1,NULL),
(62,20,NULL,1,NULL),
(63,20,NULL,12,NULL),
(64,21,NULL,1,NULL),
(65,22,NULL,12,NULL),
(66,23,NULL,12,NULL),
(96,24,NULL,12,NULL),
(132,30,NULL,1,0),
(135,30,NULL,12,0),
(176,31,11,1,0),
(175,31,11,3,0),
(97,101,NULL,12,NULL),
(98,102,NULL,1,NULL),
(99,102,NULL,13,NULL),
(136,2000,NULL,1,0),
(137,2001,NULL,1,0),
(138,2002,NULL,1,0),
(139,2003,NULL,1,0),
(140,2004,NULL,1,0),
(141,2005,NULL,1,0),
(142,2006,NULL,1,0),
(143,2007,NULL,1,0),
(144,2008,NULL,1,0),
(145,2009,NULL,1,0),
(146,2010,NULL,1,0),
(147,2011,NULL,1,0),
(148,2012,NULL,1,0),
(149,2013,NULL,1,0),
(150,2014,NULL,1,0),
(151,2015,NULL,1,0),
(152,2016,NULL,1,0),
(153,2017,NULL,1,0),
(154,2018,NULL,1,0),
(155,2019,NULL,1,0),
(156,2020,NULL,1,0),
(157,2021,NULL,1,0),
(167,2030,NULL,1,0),
(168,2050,NULL,1,NULL),
(169,2051,NULL,1,NULL),
(170,2052,NULL,1,NULL),
(172,2053,NULL,1,NULL),
(173,2054,NULL,1,NULL),
(174,2055,NULL,1,NULL),
(177,2056,NULL,1,NULL),
(178,2057,NULL,1,NULL),
(180,2058,12,3,0),
(181,2059,13,14,0),
(182,2060,NULL,1,0),
(183,2061,NULL,1,0),
(186,2062,NULL,1,0),
(184,2063,NULL,1,0),
(185,2064,NULL,1,0),
(187,2065,NULL,1,0);
/*!40000 ALTER TABLE `Permissions` ENABLE KEYS */;
UNLOCK TABLES;

--
-- Table structure for table `Phases`
--

DROP TABLE IF EXISTS `Phases`;
/*!40101 SET @saved_cs_client     = @@character_set_client */;
/*!40101 SET character_set_client = utf8 */;
CREATE TABLE `Phases` (
  `phaseid` int(11) NOT NULL AUTO_INCREMENT,
  `phasename` varchar(100) DEFAULT NULL,
  `current` tinyint(1) DEFAULT 0,
  `notes` text DEFAULT NULL,
  `implemented` tinyint(1) DEFAULT 0,
  `display_order` int(11) DEFAULT NULL,
  `module_id` int(11) DEFAULT NULL,
  PRIMARY KEY (`phaseid`)
) ENGINE=InnoDB AUTO_INCREMENT=14 DEFAULT CHARSET=utf8 COLLATE=utf8_general_ci ROW_FORMAT=DYNAMIC COMMENT='Configuration info.';
/*!40101 SET character_set_client = @saved_cs_client */;

--
-- Dumping data for table `Phases`
--

LOCK TABLES `Phases` WRITE;
/*!40000 ALTER TABLE `Phases` DISABLE KEYS */;
INSERT INTO `Phases` VALUES
(1,'Invitation',1,'Welcome, My Profile, My Suggestions',1,100,NULL),
(2,'Edit Bio',1,'Parts. have write access to their biography',1,200,NULL),
(3,'Availability',1,'Add on My Availability and edit General Interests',1,300,NULL),
(4,'Panel Sign Up',1,'Add on Search Panels and My Panel Interests',1,400,NULL),
(5,'Show Schedule',1,'Add on My Schedule',1,500,NULL),
(6,'Suggestions',1,'Allow write access to My Suggestions.',1,600,NULL),
(7,'Brainstorm',0,'Special brainstorm pages are accessible.',1,700,3),
(8,'Post Con',0,'Participants see only the post con message and can\'t do anything.',1,800,NULL),
(9,'Events Show Schedule',1,'Event organizers may view schedule.',0,450,NULL),
(10,'Show public reports',1,'Turn this on to allow public reports to display',1,1000,NULL),
(11,'Feedback and Interest',0,'Add on Session Feedback',1,1000,NULL),
(12,'Volunteer Sign-up',0,'Add on Volunteering',1,1010,1),
(13,'Volunteer Set-up',0,'Staff Volunteering Set-up',1,1020,1);
/*!40000 ALTER TABLE `Phases` ENABLE KEYS */;
UNLOCK TABLES;

--
-- Table structure for table `PhotoDenialReasons`
--

DROP TABLE IF EXISTS `PhotoDenialReasons`;
/*!40101 SET @saved_cs_client     = @@character_set_client */;
/*!40101 SET character_set_client = utf8 */;
CREATE TABLE `PhotoDenialReasons` (
  `photodenialreasonid` int(11) NOT NULL AUTO_INCREMENT,
  `reasontext` varchar(512) DEFAULT NULL,
  `display_order` int(11) DEFAULT NULL,
  PRIMARY KEY (`photodenialreasonid`)
) ENGINE=InnoDB DEFAULT CHARSET=utf8 COLLATE=utf8_general_ci;
/*!40101 SET character_set_client = @saved_cs_client */;

--
-- Dumping data for table `PhotoDenialReasons`
--

LOCK TABLES `PhotoDenialReasons` WRITE;
/*!40000 ALTER TABLE `PhotoDenialReasons` DISABLE KEYS */;
/*!40000 ALTER TABLE `PhotoDenialReasons` ENABLE KEYS */;
UNLOCK TABLES;

--
-- Table structure for table `PhotoUploadStatus`
--

DROP TABLE IF EXISTS `PhotoUploadStatus`;
/*!40101 SET @saved_cs_client     = @@character_set_client */;
/*!40101 SET character_set_client = utf8 */;
CREATE TABLE `PhotoUploadStatus` (
  `photouploadstatus` int(11) NOT NULL,
  `statustext` varchar(64) NOT NULL,
  PRIMARY KEY (`photouploadstatus`)
) ENGINE=InnoDB DEFAULT CHARSET=utf8 COLLATE=utf8_general_ci;
/*!40101 SET character_set_client = @saved_cs_client */;

--
-- Dumping data for table `PhotoUploadStatus`
--

LOCK TABLES `PhotoUploadStatus` WRITE;
/*!40000 ALTER TABLE `PhotoUploadStatus` DISABLE KEYS */;
INSERT INTO `PhotoUploadStatus` VALUES
(0,'No photo uploaded'),
(1,'Photo waiting for approval'),
(2,'Denied - see denial reason'),
(3,'Denied photo replaced, waiting for approval'),
(4,'Photo approved'),
(5,'Updated photo waiting for approval'),
(6,'Updated photo denied and deleted, existing photo still available'),
(7,'Updated photo denied, existing photo still available');
/*!40000 ALTER TABLE `PhotoUploadStatus` ENABLE KEYS */;
UNLOCK TABLES;

--
-- Table structure for table `PreviousConTracks`
--

DROP TABLE IF EXISTS `PreviousConTracks`;
/*!40101 SET @saved_cs_client     = @@character_set_client */;
/*!40101 SET character_set_client = utf8 */;
CREATE TABLE `PreviousConTracks` (
  `previousconid` int(11) NOT NULL,
  `previoustrackid` int(11) NOT NULL,
  `trackname` varchar(50) DEFAULT NULL,
  PRIMARY KEY (`previousconid`,`previoustrackid`),
  KEY `previousconid` (`previousconid`),
  CONSTRAINT `PreviousCons_ibfk_1` FOREIGN KEY (`previousconid`) REFERENCES `con_info` (`id`)
) ENGINE=InnoDB DEFAULT CHARSET=utf8 COLLATE=utf8_general_ci;
/*!40101 SET character_set_client = @saved_cs_client */;

--
-- Dumping data for table `PreviousConTracks`
--

LOCK TABLES `PreviousConTracks` WRITE;
/*!40000 ALTER TABLE `PreviousConTracks` DISABLE KEYS */;
/*!40000 ALTER TABLE `PreviousConTracks` ENABLE KEYS */;
UNLOCK TABLES;

--
-- Temporary table structure for view `PreviousCons`
--

DROP TABLE IF EXISTS `PreviousCons`;
/*!50001 DROP VIEW IF EXISTS `PreviousCons`*/;
SET @saved_cs_client     = @@character_set_client;
SET character_set_client = utf8;
/*!50001 CREATE VIEW `PreviousCons` AS SELECT
 1 AS `previousconid`,
  1 AS `previousconname`,
  1 AS `display_order` */;
SET character_set_client = @saved_cs_client;

--
-- Table structure for table `PreviousParticipants`
--

DROP TABLE IF EXISTS `PreviousParticipants`;
/*!40101 SET @saved_cs_client     = @@character_set_client */;
/*!40101 SET character_set_client = utf8 */;
CREATE TABLE `PreviousParticipants` (
  `badgeid` varchar(15) NOT NULL,
  `bio` text DEFAULT NULL,
  `staff_notes` text DEFAULT NULL,
  PRIMARY KEY (`badgeid`)
) ENGINE=InnoDB DEFAULT CHARSET=utf8 COLLATE=utf8_general_ci;
/*!40101 SET character_set_client = @saved_cs_client */;

--
-- Dumping data for table `PreviousParticipants`
--

LOCK TABLES `PreviousParticipants` WRITE;
/*!40000 ALTER TABLE `PreviousParticipants` DISABLE KEYS */;
/*!40000 ALTER TABLE `PreviousParticipants` ENABLE KEYS */;
UNLOCK TABLES;

--
-- Table structure for table `PreviousSessions`
--

DROP TABLE IF EXISTS `PreviousSessions`;
/*!40101 SET @saved_cs_client     = @@character_set_client */;
/*!40101 SET character_set_client = utf8 */;
CREATE TABLE `PreviousSessions` (
  `previousconid` int(11) NOT NULL,
  `previoussessionid` int(11) NOT NULL,
  `previoustrackid` int(11) NOT NULL,
  `previousstatusid` int(11) NOT NULL,
  `typeid` int(11) NOT NULL,
  `divisionid` int(11) NOT NULL,
  `languagestatusid` int(11) DEFAULT NULL,
  `title` varchar(100) DEFAULT NULL,
  `secondtitle` varchar(100) DEFAULT NULL,
  `pocketprogtext` text DEFAULT NULL,
  `progguiddesc` text DEFAULT NULL,
  `progguidhtml` text DEFAULT NULL,
  `persppartinfo` text DEFAULT NULL,
  `duration` time DEFAULT NULL,
  `estatten` int(11) DEFAULT NULL,
  `kidscatid` int(11) NOT NULL,
  `signupreq` tinyint(1) DEFAULT NULL,
  `notesforpart` text DEFAULT NULL,
  `servicenotes` text DEFAULT NULL,
  `notesforprog` text DEFAULT NULL,
  `participantlabel` varchar(50) DEFAULT NULL,
  `invitedguest` tinyint(1) DEFAULT NULL,
  `importedsessionid` int(11) DEFAULT NULL,
  PRIMARY KEY (`previousconid`,`previoussessionid`),
  KEY `previousconid` (`previousconid`),
  KEY `previoustrackid` (`previousconid`,`previoustrackid`),
  KEY `previousstatusid` (`previousstatusid`),
  KEY `typeid` (`typeid`),
  KEY `divisionid` (`divisionid`),
  KEY `languagestatusid` (`languagestatusid`),
  KEY `kidscatid` (`kidscatid`),
  CONSTRAINT `PreviousSessions_ibfk_1` FOREIGN KEY (`previousconid`) REFERENCES `con_info` (`id`),
  CONSTRAINT `PreviousSessions_ibfk_2` FOREIGN KEY (`previousconid`, `previoustrackid`) REFERENCES `PreviousConTracks` (`previousconid`, `previoustrackid`),
  CONSTRAINT `PreviousSessions_ibfk_3` FOREIGN KEY (`previousstatusid`) REFERENCES `SessionStatuses` (`statusid`),
  CONSTRAINT `PreviousSessions_ibfk_4` FOREIGN KEY (`typeid`) REFERENCES `Types` (`typeid`),
  CONSTRAINT `PreviousSessions_ibfk_5` FOREIGN KEY (`divisionid`) REFERENCES `Divisions` (`divisionid`),
  CONSTRAINT `PreviousSessions_ibfk_6` FOREIGN KEY (`languagestatusid`) REFERENCES `LanguageStatuses` (`languagestatusid`),
  CONSTRAINT `PreviousSessions_ibfk_7` FOREIGN KEY (`kidscatid`) REFERENCES `KidsCategories` (`kidscatid`)
) ENGINE=InnoDB DEFAULT CHARSET=utf8 COLLATE=utf8_general_ci;
/*!40101 SET character_set_client = @saved_cs_client */;

--
-- Dumping data for table `PreviousSessions`
--

LOCK TABLES `PreviousSessions` WRITE;
/*!40000 ALTER TABLE `PreviousSessions` DISABLE KEYS */;
/*!40000 ALTER TABLE `PreviousSessions` ENABLE KEYS */;
UNLOCK TABLES;

--
-- Table structure for table `Pronouns`
--

DROP TABLE IF EXISTS `Pronouns`;
/*!40101 SET @saved_cs_client     = @@character_set_client */;
/*!40101 SET character_set_client = utf8 */;
CREATE TABLE `Pronouns` (
  `pronounid` int(11) NOT NULL AUTO_INCREMENT,
  `pronounname` varchar(100) DEFAULT NULL,
  `display_order` int(11) NOT NULL DEFAULT 0,
  PRIMARY KEY (`pronounid`)
) ENGINE=InnoDB AUTO_INCREMENT=11 DEFAULT CHARSET=utf8 COLLATE=utf8_general_ci;
/*!40101 SET character_set_client = @saved_cs_client */;

--
-- Dumping data for table `Pronouns`
--

LOCK TABLES `Pronouns` WRITE;
/*!40000 ALTER TABLE `Pronouns` DISABLE KEYS */;
INSERT INTO `Pronouns` VALUES
(1,'Ae/aer/aers',10),
(2,'E/em/eirs',20),
(3,'He/him/his',30),
(4,'She/her/hers',40),
(5,'Te/tem/ter',50),
(6,'They/them/their',60),
(7,'Ver/vir/vis',70),
(8,'Xe/xem/xyrs',80),
(9,'Ze/hir/hirs',90),
(10,'Other',100);
/*!40000 ALTER TABLE `Pronouns` ENABLE KEYS */;
UNLOCK TABLES;

--
-- Table structure for table `PubStatuses`
--

DROP TABLE IF EXISTS `PubStatuses`;
/*!40101 SET @saved_cs_client     = @@character_set_client */;
/*!40101 SET character_set_client = utf8 */;
CREATE TABLE `PubStatuses` (
  `pubstatusid` int(11) NOT NULL AUTO_INCREMENT,
  `pubstatusname` varchar(12) DEFAULT NULL,
  `display_order` int(11) NOT NULL DEFAULT 0,
  PRIMARY KEY (`pubstatusid`)
) ENGINE=InnoDB AUTO_INCREMENT=4 DEFAULT CHARSET=utf8 COLLATE=utf8_general_ci ROW_FORMAT=DYNAMIC;
/*!40101 SET character_set_client = @saved_cs_client */;

--
-- Dumping data for table `PubStatuses`
--

LOCK TABLES `PubStatuses` WRITE;
/*!40000 ALTER TABLE `PubStatuses` DISABLE KEYS */;
INSERT INTO `PubStatuses` VALUES
(2,'Public',2),
(3,'Do not print',3);
/*!40000 ALTER TABLE `PubStatuses` ENABLE KEYS */;
UNLOCK TABLES;

--
-- Table structure for table `RegTypes`
--

DROP TABLE IF EXISTS `RegTypes`;
/*!40101 SET @saved_cs_client     = @@character_set_client */;
/*!40101 SET character_set_client = utf8 */;
CREATE TABLE `RegTypes` (
  `regtypeid` int(11) NOT NULL AUTO_INCREMENT,
  `display_order` int(11) DEFAULT 0,
  `regtype` varchar(40) NOT NULL DEFAULT '',
  `message` varchar(100) DEFAULT NULL,
  PRIMARY KEY (`regtypeid`)
) ENGINE=InnoDB DEFAULT CHARSET=utf8 COLLATE=utf8_general_ci;
/*!40101 SET character_set_client = @saved_cs_client */;

--
-- Dumping data for table `RegTypes`
--

LOCK TABLES `RegTypes` WRITE;
/*!40000 ALTER TABLE `RegTypes` DISABLE KEYS */;
/*!40000 ALTER TABLE `RegTypes` ENABLE KEYS */;
UNLOCK TABLES;

--
-- Table structure for table `Roles`
--

DROP TABLE IF EXISTS `Roles`;
/*!40101 SET @saved_cs_client     = @@character_set_client */;
/*!40101 SET character_set_client = utf8 */;
CREATE TABLE `Roles` (
  `roleid` int(11) NOT NULL AUTO_INCREMENT,
  `rolename` varchar(50) DEFAULT NULL,
  `display_order` int(11) DEFAULT NULL,
  PRIMARY KEY (`roleid`)
) ENGINE=InnoDB AUTO_INCREMENT=14 DEFAULT CHARSET=utf8 COLLATE=utf8_general_ci;
/*!40101 SET character_set_client = @saved_cs_client */;

--
-- Dumping data for table `Roles`
--

LOCK TABLES `Roles` WRITE;
/*!40000 ALTER TABLE `Roles` DISABLE KEYS */;
INSERT INTO `Roles` VALUES
(1,'Other',-1),
(2,'Reading my own works',3),
(3,'Autographing',4),
(5,'Performing',6),
(6,'Running workshops',7),
(7,'Leading discussions',8),
(8,'Running games',9),
(9,'Children\'s Programming',10),
(10,'Panel Moderator',2),
(11,'Improv',11),
(12,'Storytelling',12),
(13,'Teen / Young Adult Programming',14);
/*!40000 ALTER TABLE `Roles` ENABLE KEYS */;
UNLOCK TABLES;

--
-- Table structure for table `RoomColors`
--

DROP TABLE IF EXISTS `RoomColors`;
/*!40101 SET @saved_cs_client     = @@character_set_client */;
/*!40101 SET character_set_client = utf8 */;
CREATE TABLE `RoomColors` (
  `roomcolorid` int(11) NOT NULL AUTO_INCREMENT,
  `roomcolorname` varchar(100) DEFAULT NULL,
  `roomcolorcode` varchar(10) NOT NULL DEFAULT '0',
  `display_order` int(11) NOT NULL DEFAULT 0,
  PRIMARY KEY (`roomcolorid`)
) ENGINE=InnoDB AUTO_INCREMENT=1000 DEFAULT CHARSET=utf8 COLLATE=utf8_general_ci;
/*!40101 SET character_set_client = @saved_cs_client */;

--
-- Dumping data for table `RoomColors`
--

LOCK TABLES `RoomColors` WRITE;
/*!40000 ALTER TABLE `RoomColors` DISABLE KEYS */;
INSERT INTO `RoomColors` VALUES
(1,'aliceblue','F0F8FF',1),
(2,'antiquewhite','FAEBD7',2),
(3,'aqua','00FFFF',3),
(4,'aquamarine','7FFFD4',4),
(5,'azure','F0FFFF',5),
(6,'beige','F5F5DC',6),
(7,'bisque','FFE4C4',7),
(8,'black','000000',8),
(9,'blanchedalmond','FFEBCD',9),
(10,'blue','0000FF',10),
(11,'blueviolet','8A2BE2',11),
(12,'brown','A52A2A',12),
(13,'burlywood','DEB887',13),
(14,'cadetblue','5F9EA0',14),
(15,'chartreuse','7FFF00',15),
(16,'chocolate','D2691E',16),
(17,'coral','FF7F50',17),
(18,'cornflowerblue','6495ED',18),
(19,'cornsilk','FFF8DC',19),
(20,'crimson','DC143C',20),
(21,'cyan','00FFFF',21),
(22,'darkblue','00008B',22),
(23,'darkcyan','008B8B',23),
(24,'darkgoldenrod','B8860B',24),
(25,'darkgray','A9A9A9',25),
(26,'darkgreen','006400',26),
(27,'darkkhaki','BDB76B',27),
(28,'darkmagenta','8B008B',28),
(29,'darkolivegreen','556B2F',29),
(30,'darkorange','FF8C00',30),
(31,'darkorchid','9932CC',31),
(32,'darkred','8B0000',32),
(33,'darksalmon','E9967A',33),
(34,'darkseagreen','8FBC8F',34),
(35,'darkslateblue','483D8B',35),
(36,'darkslategray','2F4F4F',36),
(37,'darkturquoise','00CED1',37),
(38,'darkviolet','9400D3',38),
(39,'deeppink','FF1493',39),
(40,'deepskyblue','00BFFF',40),
(41,'dimgray','696969',41),
(42,'dodgerblue','1E90FF',42),
(43,'firebrick','B22222',43),
(44,'floralwhite','FFFAF0',44),
(45,'forestgreen','228B22',45),
(46,'fuchsia','FF00FF',46),
(47,'gainsboro','DCDCDC',47),
(48,'ghostwhite','F8F8FF',48),
(49,'gold','FFD700',49),
(50,'goldenrod','DAA520',50),
(51,'gray','808080',51),
(52,'green','008000',52),
(53,'greenyellow','ADFF2F',53),
(54,'honeydew','F0FFF0',54),
(55,'hotpink','FF69B4',55),
(56,'indianred','CD5C5C',56),
(57,'indigo','4B0082',57),
(58,'ivory','FFFFF0',58),
(59,'khaki','F0E68C',59),
(60,'lavender','E6E6FA',60),
(61,'lavenderblush','FFF0F5',61),
(62,'lawngreen','7CFC00',62),
(63,'lemonchiffon','FFFACD',63),
(64,'lightblue','ADD8E6',64),
(65,'lightcoral','F08080',65),
(66,'lightcyan','E0FFFF',66),
(67,'lightgoldenrodyellow','FAFAD2',67),
(68,'lightgreen','90EE90',68),
(69,'lightgrey','D3D3D3',69),
(70,'lightpink','FFB6C1',70),
(71,'lightsalmon','FFA07A',71),
(72,'lightseagreen','20B2AA',72),
(73,'lightskyblue','87CEFA',73),
(74,'lightslategray','778899',74),
(75,'lightsteelblue','B0C4DE',75),
(76,'lightyellow','FFFFE0',76),
(77,'lime','00FF00',77),
(78,'limegreen','32CD32',78),
(79,'linen','FAF0E6',79),
(80,'magenta','FF00FF',80),
(81,'maroon','800000',81),
(82,'mediumaquamarine','66CDAA',82),
(83,'mediumblue','0000CD',83),
(84,'mediumorchid','BA55D3',84),
(85,'mediumpurple','9370DB',85),
(86,'mediumseagreen','3CB371',86),
(87,'mediumslateblue','7B68EE',87),
(88,'mediumspringgreen','00FA9A',88),
(89,'mediumturquoise','48D1CC',89),
(90,'mediumvioletred','C71585',90),
(91,'midnightblue','191970',91),
(92,'mintcream','F5FFFA',92),
(93,'mistyrose','FFE4E1',93),
(94,'moccasin','FFE4B5',94),
(95,'navajowhite','FFDEAD',95),
(96,'navy','000080',96),
(97,'oldlace','FDF5E6',97),
(98,'olive','808000',98),
(99,'olivedrab','6B8E23',99),
(100,'orange','FFA500',100),
(101,'orangered','FF4500',101),
(102,'orchid','DA70D6',102),
(103,'palegoldenrod','EEE8AA',103),
(104,'palegreen','98FB98',104),
(105,'paleturquoise','AFEEEE',105),
(106,'palevioletred','DB7093',106),
(107,'papayawhip','FFEFD5',107),
(108,'peachpuff','FFDAB9',108),
(109,'peru','CD853F',109),
(110,'pink','FFC0CB',110),
(111,'plum','DDA0DD',111),
(112,'powderblue','B0E0E6',112),
(113,'purple','800080',113),
(114,'red','FF0000',114),
(115,'rosybrown','BC8F8F',115),
(116,'royalblue','4169E1',116),
(117,'saddlebrown','8B4513',117),
(118,'salmon','FA8072',118),
(119,'sandybrown','F4A460',119),
(120,'seagreen','2E8B57',120),
(121,'seashell','FFF5EE',121),
(122,'sienna','A0522D',122),
(123,'silver','C0C0C0',123),
(124,'skyblue','87CEEB',124),
(125,'slateblue','6A5ACD',125),
(126,'slategray','708090',126),
(127,'snow','FFFAFA',127),
(128,'springgreen','00FF7F',128),
(129,'steelblue','4682B4',129),
(130,'tan','D2B48C',130),
(131,'teal','008080',131),
(132,'thistle','D8BFD8',132),
(133,'tomato','FD6347',133),
(134,'turquoise','40E0D0',134),
(135,'violet','EE82EE',135),
(136,'wheat','F5DEB3',136),
(137,'white','FFFFFF',137),
(138,'whitesmoke','F5F5F5',138),
(139,'yellow','FFFF00',139),
(140,'yellowgreen','9ACD32',140),
(999,'none','0',999);
/*!40000 ALTER TABLE `RoomColors` ENABLE KEYS */;
UNLOCK TABLES;

--
-- Table structure for table `RoomHasSet`
--

DROP TABLE IF EXISTS `RoomHasSet`;
/*!40101 SET @saved_cs_client     = @@character_set_client */;
/*!40101 SET character_set_client = utf8 */;
CREATE TABLE `RoomHasSet` (
  `roomhassetid` int(11) NOT NULL AUTO_INCREMENT,
  `roomid` int(11) NOT NULL DEFAULT 0,
  `roomsetid` int(11) NOT NULL DEFAULT 0,
  `capacity` int(11) DEFAULT NULL,
  `display_order` int(11) DEFAULT 0,
  PRIMARY KEY (`roomhassetid`),
  KEY `roomid` (`roomid`),
  KEY `roomsetid` (`roomsetid`),
  CONSTRAINT `RoomHasSet_ibfk_1` FOREIGN KEY (`roomid`) REFERENCES `Rooms` (`roomid`),
  CONSTRAINT `RoomHasSet_ibfk_2` FOREIGN KEY (`roomsetid`) REFERENCES `RoomSets` (`roomsetid`)
) ENGINE=InnoDB AUTO_INCREMENT=56 DEFAULT CHARSET=utf8 COLLATE=utf8_general_ci;
/*!40101 SET character_set_client = @saved_cs_client */;

--
-- Dumping data for table `RoomHasSet`
--

LOCK TABLES `RoomHasSet` WRITE;
/*!40000 ALTER TABLE `RoomHasSet` DISABLE KEYS */;
INSERT INTO `RoomHasSet` VALUES
(1,2,10,20,0),
(2,3,2,20,0),
(3,3,3,24,0),
(4,3,5,40,0),
(5,3,10,26,0),
(6,4,2,50,0),
(7,4,3,48,0),
(8,4,5,89,0),
(9,4,10,40,0),
(10,5,10,10,0),
(11,6,10,10,0),
(12,7,2,20,0),
(13,7,3,21,0),
(14,7,5,50,0),
(15,7,10,22,0),
(16,8,2,50,0),
(17,8,3,47,0),
(18,8,5,91,0),
(19,8,10,34,0),
(20,9,2,20,0),
(21,9,3,21,0),
(22,9,5,50,0),
(23,9,10,22,0),
(24,10,2,20,0),
(25,10,3,23,0),
(26,10,5,45,0),
(27,10,10,22,0),
(28,11,2,10,0),
(29,11,3,6,0),
(30,11,5,14,0),
(31,11,10,10,0),
(32,12,2,20,0),
(33,12,3,12,0),
(34,12,5,38,0),
(35,12,10,16,0),
(36,13,2,30,0),
(37,13,3,30,0),
(38,13,5,63,0),
(39,13,10,28,0),
(40,14,2,20,0),
(41,14,3,15,0),
(42,14,5,44,0),
(43,14,10,22,0),
(44,15,2,10,0),
(45,15,3,9,0),
(46,15,5,32,0),
(47,15,10,16,0),
(48,16,2,20,0),
(49,16,3,24,0),
(50,16,5,49,0),
(51,16,10,22,0),
(52,17,2,10,0),
(53,17,3,9,0),
(54,17,5,20,0),
(55,17,10,10,0);
/*!40000 ALTER TABLE `RoomHasSet` ENABLE KEYS */;
UNLOCK TABLES;

--
-- Table structure for table `RoomSets`
--

DROP TABLE IF EXISTS `RoomSets`;
/*!40101 SET @saved_cs_client     = @@character_set_client */;
/*!40101 SET character_set_client = utf8 */;
CREATE TABLE `RoomSets` (
  `roomsetid` int(11) NOT NULL AUTO_INCREMENT,
  `roomsetname` varchar(50) DEFAULT NULL,
  `description` varchar(255) DEFAULT NULL,
  `display_order` int(11) DEFAULT NULL,
  PRIMARY KEY (`roomsetid`)
) ENGINE=InnoDB AUTO_INCREMENT=100 DEFAULT CHARSET=utf8 COLLATE=utf8_general_ci;
/*!40101 SET character_set_client = @saved_cs_client */;

--
-- Dumping data for table `RoomSets`
--

LOCK TABLES `RoomSets` WRITE;
/*!40000 ALTER TABLE `RoomSets` DISABLE KEYS */;
INSERT INTO `RoomSets` VALUES
(1,'Banquet','Banquet',5),
(2,'Theater','Theater',10),
(3,'Conference','Conference',15),
(4,'Reception','Reception',20),
(5,'Classroom','Classroom',25),
(6,'\"U\" Shape Table','Make a U shape using tables',30),
(7,'Hollow Square','Hollow Square',35),
(8,'Panel','Panel',2),
(9,'Circle of Chairs','Circle of Chairs',13),
(10,'Other (describe)','Other',42),
(11,'Boardroom Table','Boardroom Table',14),
(12,'None','No room set up needed.',90),
(13,'Autograph Table','1 table set with 4 chairs',50),
(14,'Zoom Room','A zoom room',80),
(99,'I do not know','NA',99);
/*!40000 ALTER TABLE `RoomSets` ENABLE KEYS */;
UNLOCK TABLES;

--
-- Table structure for table `Rooms`
--

DROP TABLE IF EXISTS `Rooms`;
/*!40101 SET @saved_cs_client     = @@character_set_client */;
/*!40101 SET character_set_client = utf8 */;
CREATE TABLE `Rooms` (
  `roomid` int(11) NOT NULL AUTO_INCREMENT,
  `roomname` varchar(50) DEFAULT NULL,
  `display_order` int(11) DEFAULT NULL,
  `height` varchar(100) DEFAULT NULL,
  `dimensions` varchar(100) DEFAULT NULL,
  `area` varchar(100) DEFAULT NULL,
  `function` varchar(100) DEFAULT NULL,
  `floor` varchar(50) DEFAULT NULL,
  `notes` text DEFAULT NULL,
  `opentime1` time DEFAULT NULL,
  `closetime1` time DEFAULT NULL,
  `opentime2` time DEFAULT NULL,
  `closetime2` time DEFAULT NULL,
  `opentime3` time DEFAULT NULL,
  `closetime3` time DEFAULT NULL,
  `opentime4` time DEFAULT NULL,
  `closetime4` time DEFAULT NULL,
  `opentime5` time DEFAULT NULL,
  `closetime5` time DEFAULT NULL,
  `is_scheduled` tinyint(4) NOT NULL DEFAULT 0,
  `is_gamingtable` tinyint(4) NOT NULL DEFAULT 0,
  `roomcolorid` int(11) NOT NULL DEFAULT 0,
  `on_public_grid` tinyint(4) NOT NULL DEFAULT 1,
  `grid_column_span` int(2) NOT NULL DEFAULT 1,
  `is_online` char(1) NOT NULL DEFAULT 'N',
  `parent_room` int(11) DEFAULT NULL,
  PRIMARY KEY (`roomid`),
  KEY `Rooms_ibfk_1` (`roomcolorid`),
  CONSTRAINT `Rooms_ibfk_1` FOREIGN KEY (`roomcolorid`) REFERENCES `RoomColors` (`roomcolorid`)
) ENGINE=InnoDB AUTO_INCREMENT=38 DEFAULT CHARSET=utf8 COLLATE=utf8_general_ci;
/*!40101 SET character_set_client = @saved_cs_client */;

--
-- Dumping data for table `Rooms`
--

LOCK TABLES `Rooms` WRITE;
/*!40000 ALTER TABLE `Rooms` DISABLE KEYS */;
INSERT INTO `Rooms` VALUES
(2,'Alcott',NULL,'8 ft 5in','23 x 34','654','Open Gaming','4',NULL,NULL,NULL,NULL,NULL,NULL,NULL,NULL,NULL,NULL,NULL,0,0,0,1,1,'N',NULL),
(3,'Back Bay',NULL,'8 ft 7in','15 x 32','484','Scheduled Gaming','4',NULL,NULL,NULL,NULL,NULL,NULL,NULL,NULL,NULL,NULL,NULL,1,0,0,1,1,'N',NULL),
(4,'Beacon Hill',NULL,'8 ft 7in','23 x 43','850','Open Gaming','4',NULL,NULL,NULL,NULL,NULL,NULL,NULL,NULL,NULL,NULL,NULL,0,0,0,1,1,'N',NULL),
(5,'Board Room',NULL,'8 ft 3in','20 x 23','396','Scheduled Gaming','4',NULL,NULL,NULL,NULL,NULL,NULL,NULL,NULL,NULL,NULL,NULL,1,0,0,1,1,'N',NULL),
(6,'Brandeis',NULL,'8 ft 6in','13 x 35','446','Scheduled Gaming','4',NULL,NULL,NULL,NULL,NULL,NULL,NULL,NULL,NULL,NULL,NULL,1,0,0,1,1,'N',NULL),
(7,'Cabot',NULL,'8 ft 6in','19 x 29','515','Scheduled Gaming / LARP Control','4',NULL,NULL,NULL,NULL,NULL,NULL,NULL,NULL,NULL,NULL,NULL,1,0,0,1,1,'N',NULL),
(8,'Cambridge',NULL,'8 ft 6in','23 x 44','892','LARP','4',NULL,NULL,NULL,NULL,NULL,NULL,NULL,NULL,NULL,NULL,NULL,1,0,0,1,1,'N',NULL),
(9,'Charles River',NULL,'8 ft 6in','19 x 29','515','Game Program','4',NULL,NULL,NULL,NULL,NULL,NULL,NULL,NULL,NULL,NULL,NULL,1,0,0,1,1,'N',NULL),
(10,'Constitution',NULL,'8 ft 5in','15 x 33','446','Main Program (free form seeting)','4',NULL,NULL,NULL,NULL,NULL,NULL,NULL,NULL,NULL,NULL,NULL,1,0,0,1,1,'N',NULL),
(11,'Copley',NULL,'8 ft 6in','12 x 16','232','Fast Track','4',NULL,NULL,NULL,NULL,NULL,NULL,NULL,NULL,NULL,NULL,NULL,1,0,0,1,1,'N',NULL),
(12,'Emerson',NULL,'8 ft 3in','19 x 26','398','Fast Track','4',NULL,NULL,NULL,NULL,NULL,NULL,NULL,NULL,NULL,NULL,NULL,1,0,0,1,1,'N',NULL),
(13,'Franklin',NULL,'8 ft 6in','18 x 48','727','Main Program','4',NULL,NULL,NULL,NULL,NULL,NULL,NULL,NULL,NULL,NULL,NULL,1,0,0,1,1,'N',NULL),
(14,'Gloucester',NULL,'8 ft 6in','19 x 33','471','Fast Track','4',NULL,NULL,NULL,NULL,NULL,NULL,NULL,NULL,NULL,NULL,NULL,1,0,0,1,1,'N',NULL),
(15,'Holmes',NULL,'8 ft 6in','15 x 25','334','Fast Track','4',NULL,NULL,NULL,NULL,NULL,NULL,NULL,NULL,NULL,NULL,NULL,1,0,0,1,1,'N',NULL),
(16,'Lexington',NULL,'7 ft 3in','15 x 30','461','Main Program','4',NULL,NULL,NULL,NULL,NULL,NULL,NULL,NULL,NULL,NULL,NULL,1,0,0,1,1,'N',NULL),
(17,'Longfellow',NULL,'8 ft 6in','14 x 22','284','Main Program','4',NULL,NULL,NULL,NULL,NULL,NULL,NULL,NULL,NULL,NULL,NULL,1,0,0,1,1,'N',NULL),
(18,'St. James',NULL,'8 ft 6in','15 x 48','767','Main Program','4',NULL,NULL,NULL,NULL,NULL,NULL,NULL,NULL,NULL,NULL,NULL,1,0,0,1,1,'N',NULL),
(19,'Garden Suite',NULL,'0','0','0','Con Suite','4',NULL,NULL,NULL,NULL,NULL,NULL,NULL,NULL,NULL,NULL,NULL,0,0,0,1,1,'N',NULL),
(20,'Statler',NULL,'8 ft 5in','13 x 21','292','Sign Shop','4',NULL,NULL,NULL,NULL,NULL,NULL,NULL,NULL,NULL,NULL,NULL,0,0,0,1,1,'N',NULL),
(21,'Stuart',NULL,'8 ft 7in','13 x 40','731','Main Program','4',NULL,NULL,NULL,NULL,NULL,NULL,NULL,NULL,NULL,NULL,NULL,1,0,0,1,1,'N',NULL),
(22,'Thoreau',NULL,'8 ft 7in','16 x 33','557','Main Program','4',NULL,NULL,NULL,NULL,NULL,NULL,NULL,NULL,NULL,NULL,NULL,1,0,0,1,1,'N',NULL),
(23,'Tremont',NULL,'8 ft 6in','18 x 23','392','Main Program','4',NULL,NULL,NULL,NULL,NULL,NULL,NULL,NULL,NULL,NULL,NULL,1,0,0,1,1,'N',NULL),
(24,'White Hill',NULL,'8 ft 6in','15 x 68','1,203','Main Program','4',NULL,NULL,NULL,NULL,NULL,NULL,NULL,NULL,NULL,NULL,NULL,1,0,0,1,1,'N',NULL),
(25,'Whittier',NULL,'8 ft 6in','22 x 65','1,215','Main Program (w/ A/V)','4',NULL,NULL,NULL,NULL,NULL,NULL,NULL,NULL,NULL,NULL,NULL,1,0,0,1,1,'N',NULL),
(26,'Winthrop',NULL,'8 ft 4in','23 x 26','498','Main Program (w/ A/V)','4',NULL,NULL,NULL,NULL,NULL,NULL,NULL,NULL,NULL,NULL,NULL,1,0,0,1,1,'N',NULL),
(27,'Imperial Ballroom',NULL,'30 ft 4in','116 x 73','8,516','Main Tent','mezzanine',NULL,NULL,NULL,NULL,NULL,NULL,NULL,NULL,NULL,NULL,NULL,1,0,0,1,1,'N',NULL),
(28,'Plaza Ballroom',NULL,'21 ft 5in','64 x 73','4,699','Dealers','mezzanine',NULL,NULL,NULL,NULL,NULL,NULL,NULL,NULL,NULL,NULL,NULL,0,0,0,1,1,'N',NULL),
(29,'Georgian',NULL,'13 ft 10in','82 x 49','4,021','Art Show','mezzanine',NULL,NULL,NULL,NULL,NULL,NULL,NULL,NULL,NULL,NULL,NULL,0,0,0,1,1,'N',NULL),
(30,'Arlington',NULL,'10 ft 7in','42 x 33','1,402','Art Show','mezzanine',NULL,NULL,NULL,NULL,NULL,NULL,NULL,NULL,NULL,NULL,NULL,0,0,0,1,1,'N',NULL),
(31,'Berkeley',NULL,'10 ft 7in','22 x 33','748','Anime','mezzanine',NULL,NULL,NULL,NULL,NULL,NULL,NULL,NULL,NULL,NULL,NULL,1,0,0,1,1,'N',NULL),
(32,'Clarendon',NULL,'10 ft 7in','22 x 33','732','Video','mezzanine',NULL,NULL,NULL,NULL,NULL,NULL,NULL,NULL,NULL,NULL,NULL,1,0,0,1,1,'N',NULL),
(33,'Dartmouth/Exeter',NULL,'11 ft 11in','44 x 15','639','Ops/Security','mezzanine',NULL,NULL,NULL,NULL,NULL,NULL,NULL,NULL,NULL,NULL,NULL,0,0,0,1,1,'N',NULL),
(34,'Fairfield',NULL,'12 ft 0in','23 x 15','326','Gopher Hole','mezzanine',NULL,NULL,NULL,NULL,NULL,NULL,NULL,NULL,NULL,NULL,NULL,0,0,0,1,1,'N',NULL),
(35,'Hancock',NULL,'11 ft 9in','41 x 14','588','Main Program (w/ A/V)','mezzanine',NULL,NULL,NULL,NULL,NULL,NULL,NULL,NULL,NULL,NULL,NULL,1,0,0,1,1,'N',NULL),
(36,'Stanbro',NULL,'8 ft 11in','56 x 50','2,904','Small Tent / Masquerade green room','mezzanine',NULL,NULL,NULL,NULL,NULL,NULL,NULL,NULL,NULL,NULL,NULL,1,0,0,1,1,'N',NULL),
(37,'Terrace',NULL,'10 ft 5 in','65 x 82','5,330','Films','basement',NULL,NULL,NULL,NULL,NULL,NULL,NULL,NULL,NULL,NULL,NULL,1,0,0,1,1,'N',NULL);
/*!40000 ALTER TABLE `Rooms` ENABLE KEYS */;
UNLOCK TABLES;

--
-- Table structure for table `Schedule`
--

DROP TABLE IF EXISTS `Schedule`;
/*!40101 SET @saved_cs_client     = @@character_set_client */;
/*!40101 SET character_set_client = utf8 */;
CREATE TABLE `Schedule` (
  `scheduleid` int(11) NOT NULL AUTO_INCREMENT,
  `sessionid` int(11) NOT NULL DEFAULT 0,
  `roomid` int(11) NOT NULL DEFAULT 0,
  `starttime` time NOT NULL DEFAULT '00:00:00',
  PRIMARY KEY (`scheduleid`),
  KEY `sessionid` (`sessionid`),
  KEY `roomid` (`roomid`),
  CONSTRAINT `Schedule_ibfk_1` FOREIGN KEY (`sessionid`) REFERENCES `Sessions` (`sessionid`),
  CONSTRAINT `Schedule_ibfk_2` FOREIGN KEY (`roomid`) REFERENCES `Rooms` (`roomid`)
) ENGINE=InnoDB DEFAULT CHARSET=utf8 COLLATE=utf8_general_ci;
/*!40101 SET character_set_client = @saved_cs_client */;

--
-- Dumping data for table `Schedule`
--

LOCK TABLES `Schedule` WRITE;
/*!40000 ALTER TABLE `Schedule` DISABLE KEYS */;
/*!40000 ALTER TABLE `Schedule` ENABLE KEYS */;
UNLOCK TABLES;

--
-- Table structure for table `ServiceTypes`
--

DROP TABLE IF EXISTS `ServiceTypes`;
/*!40101 SET @saved_cs_client     = @@character_set_client */;
/*!40101 SET character_set_client = utf8 */;
CREATE TABLE `ServiceTypes` (
  `servicetypeid` int(11) NOT NULL AUTO_INCREMENT,
  `servicetypename` varchar(50) DEFAULT NULL,
  `display_order` int(11) DEFAULT NULL,
  PRIMARY KEY (`servicetypeid`)
) ENGINE=InnoDB AUTO_INCREMENT=101 DEFAULT CHARSET=utf8 COLLATE=utf8_general_ci;
/*!40101 SET character_set_client = @saved_cs_client */;

--
-- Dumping data for table `ServiceTypes`
--

LOCK TABLES `ServiceTypes` WRITE;
/*!40000 ALTER TABLE `ServiceTypes` DISABLE KEYS */;
INSERT INTO `ServiceTypes` VALUES
(1,'Programming',1),
(2,'AV',2),
(3,'Hotel',3),
(100,'Other',100);
/*!40000 ALTER TABLE `ServiceTypes` ENABLE KEYS */;
UNLOCK TABLES;

--
-- Table structure for table `Services`
--

DROP TABLE IF EXISTS `Services`;
/*!40101 SET @saved_cs_client     = @@character_set_client */;
/*!40101 SET character_set_client = utf8 */;
CREATE TABLE `Services` (
  `serviceid` int(11) NOT NULL AUTO_INCREMENT,
  `servicename` varchar(50) DEFAULT NULL,
  `servicetypeid` int(11) NOT NULL DEFAULT 1,
  `display_order` int(11) DEFAULT NULL,
  PRIMARY KEY (`serviceid`),
  KEY `servicetypeid` (`servicetypeid`)
) ENGINE=InnoDB AUTO_INCREMENT=23 DEFAULT CHARSET=utf8 COLLATE=utf8_general_ci;
/*!40101 SET character_set_client = @saved_cs_client */;

--
-- Dumping data for table `Services`
--

LOCK TABLES `Services` WRITE;
/*!40000 ALTER TABLE `Services` DISABLE KEYS */;
INSERT INTO `Services` VALUES
(1,'DVD Player + Projector + Screen',2,30),
(2,'Light system',2,160),
(3,'Projector (for laptop) + Screen',2,60),
(4,'CD Player',2,10),
(5,'Sound (Speakers)',2,130),
(7,'Projector (Video)',2,70),
(8,'Water Station',3,50),
(9,'Flip Chart',1,40),
(10,'Gopher',100,170),
(14,'Risers',3,80),
(15,'Stage',3,90),
(16,'Card Tables',1,100),
(17,'Screen',2,110),
(18,'Hotel Microphone',3,20),
(19,'Podium',3,120),
(21,'Security',100,180),
(22,'Other - See Notes',100,190);
/*!40000 ALTER TABLE `Services` ENABLE KEYS */;
UNLOCK TABLES;

--
-- Table structure for table `SessionEditCodes`
--

DROP TABLE IF EXISTS `SessionEditCodes`;
/*!40101 SET @saved_cs_client     = @@character_set_client */;
/*!40101 SET character_set_client = utf8 */;
CREATE TABLE `SessionEditCodes` (
  `sessioneditcode` int(11) NOT NULL AUTO_INCREMENT,
  `description` varchar(40) DEFAULT NULL,
  `display_order` int(11) NOT NULL DEFAULT 1,
  PRIMARY KEY (`sessioneditcode`)
) ENGINE=InnoDB AUTO_INCREMENT=8 DEFAULT CHARSET=utf8 COLLATE=utf8_general_ci ROW_FORMAT=DYNAMIC;
/*!40101 SET character_set_client = @saved_cs_client */;

--
-- Dumping data for table `SessionEditCodes`
--

LOCK TABLES `SessionEditCodes` WRITE;
/*!40000 ALTER TABLE `SessionEditCodes` DISABLE KEYS */;
INSERT INTO `SessionEditCodes` VALUES
(1,'Created in brainstorm',1),
(2,'Created in staff create session',2),
(3,'Edit session contents',4),
(4,'Add to schedule',5),
(5,'Remove from schedule',6),
(6,'Created by import',3),
(7,'Rescheduled or Moved',7);
/*!40000 ALTER TABLE `SessionEditCodes` ENABLE KEYS */;
UNLOCK TABLES;

--
-- Table structure for table `SessionEditHistory`
--

DROP TABLE IF EXISTS `SessionEditHistory`;
/*!40101 SET @saved_cs_client     = @@character_set_client */;
/*!40101 SET character_set_client = utf8 */;
CREATE TABLE `SessionEditHistory` (
  `sessionid` int(11) NOT NULL DEFAULT 0,
  `badgeid` varchar(15) DEFAULT NULL,
  `name` varchar(40) DEFAULT NULL,
  `email_address` varchar(75) DEFAULT NULL,
  `timestamp` timestamp NOT NULL DEFAULT current_timestamp(),
  `sessioneditcode` int(11) NOT NULL DEFAULT 0,
  `statusid` int(11) NOT NULL DEFAULT 0,
  `editdescription` text DEFAULT NULL,
  PRIMARY KEY (`sessionid`,`timestamp`),
  KEY `FK_SessionEditHistory` (`badgeid`),
  KEY `FK_SessionEditCodes` (`sessioneditcode`),
  KEY `FK_SessionEditHistory4` (`statusid`),
  CONSTRAINT `SessionEditHistory_ibfk_1` FOREIGN KEY (`sessionid`) REFERENCES `Sessions` (`sessionid`),
  CONSTRAINT `SessionEditHistory_ibfk_2` FOREIGN KEY (`badgeid`) REFERENCES `Participants` (`badgeid`),
  CONSTRAINT `SessionEditHistory_ibfk_3` FOREIGN KEY (`sessioneditcode`) REFERENCES `SessionEditCodes` (`sessioneditcode`),
  CONSTRAINT `SessionEditHistory_ibfk_4` FOREIGN KEY (`statusid`) REFERENCES `SessionStatuses` (`statusid`)
) ENGINE=InnoDB DEFAULT CHARSET=utf8 COLLATE=utf8_general_ci ROW_FORMAT=DYNAMIC COMMENT='InnoDB free: 8192 kB';
/*!40101 SET character_set_client = @saved_cs_client */;

--
-- Dumping data for table `SessionEditHistory`
--

LOCK TABLES `SessionEditHistory` WRITE;
/*!40000 ALTER TABLE `SessionEditHistory` DISABLE KEYS */;
/*!40000 ALTER TABLE `SessionEditHistory` ENABLE KEYS */;
UNLOCK TABLES;

--
-- Table structure for table `SessionHasFeature`
--

DROP TABLE IF EXISTS `SessionHasFeature`;
/*!40101 SET @saved_cs_client     = @@character_set_client */;
/*!40101 SET character_set_client = utf8 */;
CREATE TABLE `SessionHasFeature` (
  `sessionid` int(11) NOT NULL DEFAULT 0,
  `featureid` int(11) NOT NULL DEFAULT 0,
  PRIMARY KEY (`sessionid`,`featureid`),
  KEY `featureid` (`featureid`),
  CONSTRAINT `SessionHasFeature_ibfk_1` FOREIGN KEY (`sessionid`) REFERENCES `Sessions` (`sessionid`),
  CONSTRAINT `SessionHasFeature_ibfk_2` FOREIGN KEY (`featureid`) REFERENCES `Features` (`featureid`)
) ENGINE=InnoDB DEFAULT CHARSET=utf8 COLLATE=utf8_general_ci;
/*!40101 SET character_set_client = @saved_cs_client */;

--
-- Dumping data for table `SessionHasFeature`
--

LOCK TABLES `SessionHasFeature` WRITE;
/*!40000 ALTER TABLE `SessionHasFeature` DISABLE KEYS */;
/*!40000 ALTER TABLE `SessionHasFeature` ENABLE KEYS */;
UNLOCK TABLES;

--
-- Table structure for table `SessionHasService`
--

DROP TABLE IF EXISTS `SessionHasService`;
/*!40101 SET @saved_cs_client     = @@character_set_client */;
/*!40101 SET character_set_client = utf8 */;
CREATE TABLE `SessionHasService` (
  `sessionid` int(11) NOT NULL DEFAULT 0,
  `serviceid` int(11) NOT NULL DEFAULT 0,
  PRIMARY KEY (`sessionid`,`serviceid`),
  KEY `serviceid` (`serviceid`),
  CONSTRAINT `SessionHasService_ibfk_1` FOREIGN KEY (`sessionid`) REFERENCES `Sessions` (`sessionid`),
  CONSTRAINT `SessionHasService_ibfk_2` FOREIGN KEY (`serviceid`) REFERENCES `Services` (`serviceid`)
) ENGINE=InnoDB DEFAULT CHARSET=utf8 COLLATE=utf8_general_ci;
/*!40101 SET character_set_client = @saved_cs_client */;

--
-- Dumping data for table `SessionHasService`
--

LOCK TABLES `SessionHasService` WRITE;
/*!40000 ALTER TABLE `SessionHasService` DISABLE KEYS */;
/*!40000 ALTER TABLE `SessionHasService` ENABLE KEYS */;
UNLOCK TABLES;

--
-- Table structure for table `SessionHasTag`
--

DROP TABLE IF EXISTS `SessionHasTag`;
/*!40101 SET @saved_cs_client     = @@character_set_client */;
/*!40101 SET character_set_client = utf8 */;
CREATE TABLE `SessionHasTag` (
  `sessionid` int(11) NOT NULL DEFAULT 0,
  `tagid` int(11) NOT NULL DEFAULT 0,
  PRIMARY KEY (`sessionid`,`tagid`),
  KEY `Fkey2` (`tagid`),
  CONSTRAINT `Fkey1` FOREIGN KEY (`sessionid`) REFERENCES `Sessions` (`sessionid`),
  CONSTRAINT `Fkey2` FOREIGN KEY (`tagid`) REFERENCES `Tags` (`tagid`)
) ENGINE=InnoDB DEFAULT CHARSET=utf8 COLLATE=utf8_general_ci;
/*!40101 SET character_set_client = @saved_cs_client */;

--
-- Dumping data for table `SessionHasTag`
--

LOCK TABLES `SessionHasTag` WRITE;
/*!40000 ALTER TABLE `SessionHasTag` DISABLE KEYS */;
/*!40000 ALTER TABLE `SessionHasTag` ENABLE KEYS */;
UNLOCK TABLES;

--
-- Table structure for table `SessionStatuses`
--

DROP TABLE IF EXISTS `SessionStatuses`;
/*!40101 SET @saved_cs_client     = @@character_set_client */;
/*!40101 SET character_set_client = utf8 */;
CREATE TABLE `SessionStatuses` (
  `statusid` int(11) NOT NULL AUTO_INCREMENT,
  `statusname` varchar(50) DEFAULT NULL,
  `validate` tinyint(4) NOT NULL DEFAULT 0,
  `may_be_scheduled` tinyint(4) NOT NULL DEFAULT 0,
  `display_order` int(11) DEFAULT NULL,
  PRIMARY KEY (`statusid`)
) ENGINE=InnoDB AUTO_INCREMENT=11 DEFAULT CHARSET=utf8 COLLATE=utf8_general_ci;
/*!40101 SET character_set_client = @saved_cs_client */;

--
-- Dumping data for table `SessionStatuses`
--

LOCK TABLES `SessionStatuses` WRITE;
/*!40000 ALTER TABLE `SessionStatuses` DISABLE KEYS */;
INSERT INTO `SessionStatuses` VALUES
(1,'Brainstorm',0,0,4),
(2,'Vetted',1,1,6),
(3,'Scheduled',1,1,10),
(4,'Dropped',0,0,18),
(5,'Cancelled',0,0,20),
(6,'Edit Me',0,0,5),
(7,'Assigned',1,1,9),
(10,'Duplicate',0,0,11);
/*!40000 ALTER TABLE `SessionStatuses` ENABLE KEYS */;
UNLOCK TABLES;

--
-- Table structure for table `Sessions`
--

DROP TABLE IF EXISTS `Sessions`;
/*!40101 SET @saved_cs_client     = @@character_set_client */;
/*!40101 SET character_set_client = utf8 */;
CREATE TABLE `Sessions` (
  `sessionid` int(11) NOT NULL AUTO_INCREMENT,
  `trackid` int(11) NOT NULL DEFAULT 0,
  `typeid` int(11) NOT NULL DEFAULT 0,
  `divisionid` int(11) NOT NULL,
  `pubstatusid` int(11) DEFAULT 0,
  `languagestatusid` int(11) DEFAULT 1,
  `pubsno` varchar(50) DEFAULT NULL,
  `title` varchar(100) DEFAULT NULL,
  `secondtitle` varchar(100) DEFAULT NULL,
  `pocketprogtext` text DEFAULT NULL,
  `progguiddesc` text DEFAULT NULL,
  `progguidhtml` text DEFAULT NULL,
  `persppartinfo` text DEFAULT NULL,
  `meetinglink` varchar(512) DEFAULT NULL,
  `streaminglink` varchar(512) DEFAULT NULL,
  `techlevelid` int(11) DEFAULT NULL,
  `signuplink` varchar(512) DEFAULT NULL,
  `duration` time DEFAULT NULL,
  `estatten` int(11) DEFAULT NULL,
  `kidscatid` int(11) NOT NULL DEFAULT 0,
  `signupreq` tinyint(1) DEFAULT NULL,
  `roomsetid` int(11) NOT NULL DEFAULT 0,
  `notesforpart` text DEFAULT NULL,
  `servicenotes` text DEFAULT NULL,
  `statusid` int(11) NOT NULL DEFAULT 0,
  `notesforprog` text DEFAULT NULL,
  `participantlabel` varchar(50) NOT NULL DEFAULT 'Panelists',
  `warnings` tinyint(1) DEFAULT NULL,
  `invitedguest` tinyint(1) DEFAULT 0,
  `ts` timestamp NOT NULL DEFAULT current_timestamp() ON UPDATE current_timestamp(),
  `hashtag` varchar(50) DEFAULT NULL,
  PRIMARY KEY (`sessionid`),
  KEY `trackid` (`trackid`),
  KEY `typeid` (`typeid`),
  KEY `kidscatid` (`kidscatid`),
  KEY `roomsetid` (`roomsetid`),
  KEY `statusid` (`statusid`),
  KEY `divisionid` (`divisionid`),
  KEY `pubstatusid` (`pubstatusid`),
  KEY `languagestatusid` (`languagestatusid`),
  KEY `Sessions_tlfk` (`techlevelid`),
  CONSTRAINT `Sessions_ibfk_1` FOREIGN KEY (`trackid`) REFERENCES `Tracks` (`trackid`),
  CONSTRAINT `Sessions_ibfk_2` FOREIGN KEY (`typeid`) REFERENCES `Types` (`typeid`),
  CONSTRAINT `Sessions_ibfk_3` FOREIGN KEY (`kidscatid`) REFERENCES `KidsCategories` (`kidscatid`),
  CONSTRAINT `Sessions_ibfk_4` FOREIGN KEY (`roomsetid`) REFERENCES `RoomSets` (`roomsetid`),
  CONSTRAINT `Sessions_ibfk_5` FOREIGN KEY (`statusid`) REFERENCES `SessionStatuses` (`statusid`),
  CONSTRAINT `Sessions_ibfk_6` FOREIGN KEY (`pubstatusid`) REFERENCES `PubStatuses` (`pubstatusid`),
  CONSTRAINT `Sessions_ibfk_7` FOREIGN KEY (`divisionid`) REFERENCES `Divisions` (`divisionid`),
  CONSTRAINT `Sessions_ibfk_8` FOREIGN KEY (`languagestatusid`) REFERENCES `LanguageStatuses` (`languagestatusid`),
  CONSTRAINT `Sessions_tlfk` FOREIGN KEY (`techlevelid`) REFERENCES `TechLevel` (`techlevelid`)
) ENGINE=InnoDB DEFAULT CHARSET=utf8 COLLATE=utf8_general_ci;
/*!40101 SET character_set_client = @saved_cs_client */;

--
-- Dumping data for table `Sessions`
--

LOCK TABLES `Sessions` WRITE;
/*!40000 ALTER TABLE `Sessions` DISABLE KEYS */;
/*!40000 ALTER TABLE `Sessions` ENABLE KEYS */;
UNLOCK TABLES;

--
-- Table structure for table `SurveyQuestionConfig`
--

DROP TABLE IF EXISTS `SurveyQuestionConfig`;
/*!40101 SET @saved_cs_client     = @@character_set_client */;
/*!40101 SET character_set_client = utf8 */;
CREATE TABLE `SurveyQuestionConfig` (
  `questionid` int(11) NOT NULL AUTO_INCREMENT,
  `shortname` varchar(100) NOT NULL,
  `description` varchar(1024) DEFAULT NULL,
  `prompt` varchar(512) NOT NULL,
  `hover` varchar(8192) DEFAULT NULL,
  `display_order` int(11) NOT NULL,
  `typeid` int(11) NOT NULL,
  `required` tinyint(1) NOT NULL DEFAULT 0,
  `publish` tinyint(1) NOT NULL DEFAULT 0,
  `privacy_user` tinyint(1) NOT NULL DEFAULT 0,
  `searchable` tinyint(1) NOT NULL DEFAULT 0,
  `ascending` tinyint(1) NOT NULL DEFAULT 1,
  `display_only` tinyint(1) NOT NULL DEFAULT 0,
  `min_value` int(11) DEFAULT NULL,
  `max_value` int(11) DEFAULT NULL,
  PRIMARY KEY (`questionid`),
  UNIQUE KEY `SurveyQuestionConfig_shortname` (`shortname`),
  KEY `typeid` (`typeid`),
  CONSTRAINT `SurveyQuestionConfig_ibfk_1` FOREIGN KEY (`typeid`) REFERENCES `SurveyQuestionTypes` (`typeid`)
) ENGINE=InnoDB AUTO_INCREMENT=10 DEFAULT CHARSET=utf8 COLLATE=utf8_general_ci ROW_FORMAT=DYNAMIC COMMENT='Survey Question Info.';
/*!40101 SET character_set_client = @saved_cs_client */;

--
-- Dumping data for table `SurveyQuestionConfig`
--

LOCK TABLES `SurveyQuestionConfig` WRITE;
/*!40000 ALTER TABLE `SurveyQuestionConfig` DISABLE KEYS */;
/*!40000 ALTER TABLE `SurveyQuestionConfig` ENABLE KEYS */;
UNLOCK TABLES;

--
-- Table structure for table `SurveyQuestionOptionConfig`
--

DROP TABLE IF EXISTS `SurveyQuestionOptionConfig`;
/*!40101 SET @saved_cs_client     = @@character_set_client */;
/*!40101 SET character_set_client = utf8 */;
CREATE TABLE `SurveyQuestionOptionConfig` (
  `questionid` int(11) NOT NULL,
  `ordinal` int(11) NOT NULL,
  `value` varchar(512) NOT NULL,
  `display_order` int(11) NOT NULL,
  `optionshort` varchar(64) NOT NULL,
  `optionhover` varchar(512) DEFAULT NULL,
  `allowothertext` tinyint(1) DEFAULT 0,
  PRIMARY KEY (`questionid`,`ordinal`),
  CONSTRAINT `SurveyQuestionOptionConfig_ibfk_1` FOREIGN KEY (`questionid`) REFERENCES `SurveyQuestionConfig` (`questionid`) ON DELETE CASCADE
) ENGINE=InnoDB DEFAULT CHARSET=utf8 COLLATE=utf8_general_ci ROW_FORMAT=DYNAMIC COMMENT='Survey Question Option Info.';
/*!40101 SET character_set_client = @saved_cs_client */;

--
-- Dumping data for table `SurveyQuestionOptionConfig`
--

LOCK TABLES `SurveyQuestionOptionConfig` WRITE;
/*!40000 ALTER TABLE `SurveyQuestionOptionConfig` DISABLE KEYS */;
/*!40000 ALTER TABLE `SurveyQuestionOptionConfig` ENABLE KEYS */;
UNLOCK TABLES;

--
-- Table structure for table `SurveyQuestionTypeDefaults`
--

DROP TABLE IF EXISTS `SurveyQuestionTypeDefaults`;
/*!40101 SET @saved_cs_client     = @@character_set_client */;
/*!40101 SET character_set_client = utf8 */;
CREATE TABLE `SurveyQuestionTypeDefaults` (
  `typeid` int(11) NOT NULL,
  `ordinal` int(11) NOT NULL,
  `value` varchar(512) NOT NULL,
  `display_order` int(11) NOT NULL,
  `optionshort` varchar(64) NOT NULL,
  `optionhover` varchar(512) DEFAULT NULL,
  `allowothertext` tinyint(1) DEFAULT 0,
  PRIMARY KEY (`typeid`,`ordinal`),
  CONSTRAINT `SurveyQuestionTypeDefaults_ibfk_1` FOREIGN KEY (`typeid`) REFERENCES `SurveyQuestionTypes` (`typeid`)
) ENGINE=InnoDB DEFAULT CHARSET=utf8 COLLATE=utf8_general_ci ROW_FORMAT=DYNAMIC COMMENT='Survey Question Type Default options';
/*!40101 SET character_set_client = @saved_cs_client */;

--
-- Dumping data for table `SurveyQuestionTypeDefaults`
--

LOCK TABLES `SurveyQuestionTypeDefaults` WRITE;
/*!40000 ALTER TABLE `SurveyQuestionTypeDefaults` DISABLE KEYS */;
INSERT INTO `SurveyQuestionTypeDefaults` VALUES
(100,1,'1',1,'Jan','January',0),
(100,2,'2',2,'Feb','February',0),
(100,3,'3',3,'Mar','March',0),
(100,4,'4',4,'Apr','April',0),
(100,5,'5',5,'May','May',0),
(100,6,'6',6,'Jun','June',0),
(100,7,'7',7,'Jul','July',0),
(100,8,'8',8,'Aug','August',0),
(100,9,'9',9,'Sep','September',0),
(100,10,'10',10,'Oct','October',0),
(100,11,'11',11,'Nov','November',0),
(100,12,'12',12,'Dec','December',0),
(110,1,'Jan',1,'Jan','January',0),
(110,2,'Feb',2,'Feb','February',0),
(110,3,'Mar',3,'Mar','March',0),
(110,4,'Apr',4,'Apr','April',0),
(110,5,'May',5,'May','May',0),
(110,6,'Jun',6,'Jun','June',0),
(110,7,'Jul',7,'Jul','July',0),
(110,8,'Aug',8,'Aug','August',0),
(110,9,'Sep',9,'Sep','September',0),
(110,10,'Oct',10,'Oct','October',0),
(110,11,'Nov',11,'Nov','November',0),
(110,12,'Dec',12,'Dec','December',0),
(120,1,'Jan',1,'Jan','January',0),
(120,2,'Feb',2,'Feb','February',0),
(120,3,'Mar',3,'Mar','March',0),
(120,4,'Apr',4,'Apr','April',0),
(120,5,'May',5,'May','May',0),
(120,6,'Jun',6,'Jun','June',0),
(120,7,'Jul',7,'Jul','July',0),
(120,8,'Aug',8,'Aug','August',0),
(120,9,'Sep',9,'Sep','September',0),
(120,10,'Oct',10,'Oct','October',0),
(120,11,'Nov',11,'Nov','November',0),
(120,12,'Dec',12,'Dec','December',0),
(130,1,'US',1,'United States',NULL,0),
(130,2,'CA',2,'Canada',NULL,0),
(130,3,'AF',3,'Afghanistan',NULL,0),
(130,4,'AX',4,'Aland Islands',NULL,0),
(130,5,'AL',5,'Albania',NULL,0),
(130,6,'DZ',6,'Algeria',NULL,0),
(130,7,'AS',7,'American Samoa',NULL,0),
(130,8,'AD',8,'Andorra',NULL,0),
(130,9,'AO',9,'Angola',NULL,0),
(130,10,'AI',10,'Anguilla',NULL,0),
(130,11,'AQ',11,'Antarctica',NULL,0),
(130,12,'AG',12,'Antigua and Barbuda',NULL,0),
(130,13,'AR',13,'Argentina',NULL,0),
(130,14,'AM',14,'Armenia',NULL,0),
(130,15,'AW',15,'Aruba',NULL,0),
(130,16,'AU',16,'Australia',NULL,0),
(130,17,'AT',17,'Austria',NULL,0),
(130,18,'AZ',18,'Azerbaijan',NULL,0),
(130,19,'BS',19,'Bahamas',NULL,0),
(130,20,'BH',20,'Bahrain',NULL,0),
(130,21,'BD',21,'Bangladesh',NULL,0),
(130,22,'BB',22,'Barbados',NULL,0),
(130,23,'BY',23,'Belarus',NULL,0),
(130,24,'BE',24,'Belgium',NULL,0),
(130,25,'BZ',25,'Belize',NULL,0),
(130,26,'BJ',26,'Benin',NULL,0),
(130,27,'BM',27,'Bermuda',NULL,0),
(130,28,'BT',28,'Bhutan',NULL,0),
(130,29,'BO',29,'Bolivia',NULL,0),
(130,30,'BA',30,'Bosnia and Herzegovina',NULL,0),
(130,31,'BW',31,'Botswana',NULL,0),
(130,32,'BV',32,'Bouvet Island',NULL,0),
(130,33,'BR',33,'Brazil',NULL,0),
(130,34,'VG',34,'British Virgin Islands',NULL,0),
(130,35,'IO',35,'British Indian Ocean Territory',NULL,0),
(130,36,'BN',36,'Brunei Darussalam',NULL,0),
(130,37,'BG',37,'Bulgaria',NULL,0),
(130,38,'BF',38,'Burkina Faso',NULL,0),
(130,39,'BI',39,'Burundi',NULL,0),
(130,40,'KH',40,'Cambodia',NULL,0),
(130,41,'CM',41,'Cameroon',NULL,0),
(130,42,'CV',42,'Cape Verde',NULL,0),
(130,43,'KY',43,'Cayman Islands',NULL,0),
(130,44,'CF',44,'Central African Republic',NULL,0),
(130,45,'TD',45,'Chad',NULL,0),
(130,46,'CL',46,'Chile',NULL,0),
(130,47,'CN',47,'China',NULL,0),
(130,48,'HK',48,'Hong Kong, SAR China',NULL,0),
(130,49,'MO',49,'Macao, SAR China',NULL,0),
(130,50,'CX',50,'Christmas Island',NULL,0),
(130,51,'CC',51,'Cocos (Keeling Islands)',NULL,0),
(130,52,'CO',52,'Colombia',NULL,0),
(130,53,'KM',53,'Comoros',NULL,0),
(130,54,'CG',54,'Congo (Brazzaville)',NULL,0),
(130,55,'CD',55,'Congo, (Kinshasa)',NULL,0),
(130,56,'CK',56,'Cook Islands',NULL,0),
(130,57,'CR',57,'Costa Rica',NULL,0),
(130,58,'CI',58,'Cte d\'Ivoire','',0),
(130,59,'HR',59,'Croatia',NULL,0),
(130,60,'CU',60,'Cuba',NULL,0),
(130,61,'CY',61,'Cyprus',NULL,0),
(130,62,'CZ',62,'Czech Republic',NULL,0),
(130,63,'DK',63,'Denmark',NULL,0),
(130,64,'DJ',64,'Djibouti',NULL,0),
(130,65,'DM',65,'Dominica',NULL,0),
(130,66,'DO',66,'Dominican Republic',NULL,0),
(130,67,'EC',67,'Ecuador',NULL,0),
(130,68,'EG',68,'Egypt',NULL,0),
(130,69,'SV',69,'El Salvador',NULL,0),
(130,70,'GQ',70,'Equatorial Guinea',NULL,0),
(130,71,'ER',71,'Eritrea',NULL,0),
(130,72,'EE',72,'Estonia',NULL,0),
(130,73,'ET',73,'Ethiopia',NULL,0),
(130,74,'FK',74,'Falkland Islands (Malvinas)',NULL,0),
(130,75,'FO',75,'Faroe Islands',NULL,0),
(130,76,'FJ',76,'Fiji',NULL,0),
(130,77,'FI',77,'Finland',NULL,0),
(130,78,'FR',78,'France',NULL,0),
(130,79,'GF',79,'French Guiana',NULL,0),
(130,80,'PF',80,'French Polynesia',NULL,0),
(130,81,'TF',81,'French Southern Territories',NULL,0),
(130,82,'GA',82,'Gabon',NULL,0),
(130,83,'GM',83,'Gambia',NULL,0),
(130,84,'GE',84,'Georgia',NULL,0),
(130,85,'DE',85,'Germany',NULL,0),
(130,86,'GH',86,'Ghana',NULL,0),
(130,87,'GI',87,'Gibraltar',NULL,0),
(130,88,'GR',88,'Greece',NULL,0),
(130,89,'GL',89,'Greenland',NULL,0),
(130,90,'GD',90,'Grenada',NULL,0),
(130,91,'GP',91,'Guadeloupe',NULL,0),
(130,92,'GU',92,'Guam',NULL,0),
(130,93,'GT',93,'Guatemala',NULL,0),
(130,94,'GG',94,'Guernsey',NULL,0),
(130,95,'GN',95,'Guinea',NULL,0),
(130,96,'GW',96,'Guinea-Bissau',NULL,0),
(130,97,'GY',97,'Guyana',NULL,0),
(130,98,'HT',98,'Haiti',NULL,0),
(130,99,'HM',99,'Heard and Mcdonald Islands',NULL,0),
(130,100,'VA',100,'Holy See (Vatican City State)',NULL,0),
(130,101,'HN',101,'Honduras',NULL,0),
(130,102,'HU',102,'Hungary',NULL,0),
(130,103,'IS',103,'Iceland',NULL,0),
(130,104,'IN',104,'India',NULL,0),
(130,105,'ID',105,'Indonesia',NULL,0),
(130,106,'IR',106,'Iran, Islamic Republic of',NULL,0),
(130,107,'IQ',107,'Iraq',NULL,0),
(130,108,'IE',108,'Ireland',NULL,0),
(130,109,'IM',109,'Isle of Man',NULL,0),
(130,110,'IL',110,'Israel',NULL,0),
(130,111,'IT',111,'Italy',NULL,0),
(130,112,'JM',112,'Jamaica',NULL,0),
(130,113,'JP',113,'Japan',NULL,0),
(130,114,'JE',114,'Jersey',NULL,0),
(130,115,'JO',115,'Jordan',NULL,0),
(130,116,'KZ',116,'Kazakhstan',NULL,0),
(130,117,'KE',117,'Kenya',NULL,0),
(130,118,'KI',118,'Kiribati',NULL,0),
(130,119,'KP',119,'Korea (North)',NULL,0),
(130,120,'KR',120,'Korea (South)',NULL,0),
(130,121,'KW',121,'Kuwait',NULL,0),
(130,122,'KG',122,'Kyrgyzstan',NULL,0),
(130,123,'LA',123,'Lao PDR',NULL,0),
(130,124,'LV',124,'Latvia',NULL,0),
(130,125,'LB',125,'Lebanon',NULL,0),
(130,126,'LS',126,'Lesotho',NULL,0),
(130,127,'LR',127,'Liberia',NULL,0),
(130,128,'LY',128,'Libya',NULL,0),
(130,129,'LI',129,'Liechtenstein',NULL,0),
(130,130,'LT',130,'Lithuania',NULL,0),
(130,131,'LU',131,'Luxembourg',NULL,0),
(130,132,'MK',132,'Macedonia, Republic of',NULL,0),
(130,133,'MG',133,'Madagascar',NULL,0),
(130,134,'MW',134,'Malawi',NULL,0),
(130,135,'MY',135,'Malaysia',NULL,0),
(130,136,'MV',136,'Maldives',NULL,0),
(130,137,'ML',137,'Mali',NULL,0),
(130,138,'MT',138,'Malta',NULL,0),
(130,139,'MH',139,'Marshall Islands',NULL,0),
(130,140,'MQ',140,'Martinique',NULL,0),
(130,141,'MR',141,'Mauritania',NULL,0),
(130,142,'MU',142,'Mauritius',NULL,0),
(130,143,'YT',143,'Mayotte',NULL,0),
(130,144,'MX',144,'Mexico',NULL,0),
(130,145,'FM',145,'Micronesia, Federated States of',NULL,0),
(130,146,'MD',146,'Moldova, Republic of',NULL,0),
(130,147,'MC',147,'Monaco',NULL,0),
(130,148,'MN',148,'Mongolia',NULL,0),
(130,149,'ME',149,'Montenegro',NULL,0),
(130,150,'MS',150,'Montserrat',NULL,0),
(130,151,'MA',151,'Morocco',NULL,0),
(130,152,'MZ',152,'Mozambique',NULL,0),
(130,153,'MM',153,'Myanmar',NULL,0),
(130,154,'NA',154,'Namibia',NULL,0),
(130,155,'NR',155,'Nauru',NULL,0),
(130,156,'NP',156,'Nepal',NULL,0),
(130,157,'NL',157,'Netherlands',NULL,0),
(130,158,'AN',158,'Netherlands Antilles',NULL,0),
(130,159,'NC',159,'New Caledonia',NULL,0),
(130,160,'NZ',160,'New Zealand',NULL,0),
(130,161,'NI',161,'Nicaragua',NULL,0),
(130,162,'NE',162,'Niger',NULL,0),
(130,163,'NG',163,'Nigeria',NULL,0),
(130,164,'NU',164,'Niue',NULL,0),
(130,165,'NF',165,'Norfolk Island',NULL,0),
(130,166,'MP',166,'Northern Mariana Islands',NULL,0),
(130,167,'NO',167,'Norway',NULL,0),
(130,168,'OM',168,'Oman',NULL,0),
(130,169,'PK',169,'Pakistan',NULL,0),
(130,170,'PW',170,'Palau',NULL,0),
(130,171,'PS',171,'Palestinian Territory',NULL,0),
(130,172,'PA',172,'Panama',NULL,0),
(130,173,'PG',173,'Papua New Guinea',NULL,0),
(130,174,'PY',174,'Paraguay',NULL,0),
(130,175,'PE',175,'Peru',NULL,0),
(130,176,'PH',176,'Philippines',NULL,0),
(130,177,'PN',177,'Pitcairn',NULL,0),
(130,178,'PL',178,'Poland',NULL,0),
(130,179,'PT',179,'Portugal',NULL,0),
(130,180,'PR',180,'Puerto Rico',NULL,0),
(130,181,'QA',181,'Qatar',NULL,0),
(130,182,'RE',182,'Runion',NULL,0),
(130,183,'RO',183,'Romania',NULL,0),
(130,184,'RU',184,'Russian Federation',NULL,0),
(130,185,'RW',185,'Rwanda',NULL,0),
(130,186,'BL',186,'Saint-Barthlemy',NULL,0),
(130,187,'SH',187,'Saint Helena',NULL,0),
(130,188,'KN',188,'Saint Kitts and Nevis',NULL,0),
(130,189,'LC',189,'Saint Lucia',NULL,0),
(130,190,'MF',190,'Saint-Martin (French)',NULL,0),
(130,191,'PM',191,'Saint Pierre and Miquelon',NULL,0),
(130,192,'VC',192,'Saint Vincent and Grenadines',NULL,0),
(130,193,'WS',193,'Samoa',NULL,0),
(130,194,'SM',194,'San Marino',NULL,0),
(130,195,'ST',195,'Sao Tome and Principe',NULL,0),
(130,196,'SA',196,'Saudi Arabia',NULL,0),
(130,197,'SN',197,'Senegal',NULL,0),
(130,198,'RS',198,'Serbia',NULL,0),
(130,199,'SC',199,'Seychelles',NULL,0),
(130,200,'SL',200,'Sierra Leone',NULL,0),
(130,201,'SG',201,'Singapore',NULL,0),
(130,202,'SK',202,'Slovakia',NULL,0),
(130,203,'SI',203,'Slovenia',NULL,0),
(130,204,'SB',204,'Solomon Islands',NULL,0),
(130,205,'SO',205,'Somalia',NULL,0),
(130,206,'ZA',206,'South Africa',NULL,0),
(130,207,'GS',207,'South Georgia and the South Sandwich Islands',NULL,0),
(130,209,'SS',209,'South Sudan',NULL,0),
(130,210,'ES',210,'Spain',NULL,0),
(130,211,'LK',211,'Sri Lanka',NULL,0),
(130,212,'SD',212,'Sudan',NULL,0),
(130,213,'SR',213,'Suriname',NULL,0),
(130,214,'SJ',214,'Svalbard and Jan Mayen Islands',NULL,0),
(130,215,'SZ',215,'Swaziland',NULL,0),
(130,216,'SE',216,'Sweden',NULL,0),
(130,217,'CH',217,'Switzerland',NULL,0),
(130,218,'SY',218,'Syrian Arab Republic (Syria)',NULL,0),
(130,219,'TW',219,'Taiwan, Republic of China',NULL,0),
(130,220,'TJ',220,'Tajikistan',NULL,0),
(130,221,'TZ',221,'Tanzania, United Republic of',NULL,0),
(130,222,'TH',222,'Thailand',NULL,0),
(130,223,'TL',223,'Timor-Leste',NULL,0),
(130,224,'TG',224,'Togo',NULL,0),
(130,225,'TK',225,'Tokelau',NULL,0),
(130,226,'TO',226,'Tonga',NULL,0),
(130,227,'TT',227,'Trinidad and Tobago',NULL,0),
(130,228,'TN',228,'Tunisia',NULL,0),
(130,229,'TR',229,'Turkey',NULL,0),
(130,230,'TM',230,'Turkmenistan',NULL,0),
(130,231,'TC',231,'Turks and Caicos Islands',NULL,0),
(130,232,'TV',232,'Tuvalu',NULL,0),
(130,233,'UG',233,'Uganda',NULL,0),
(130,234,'UA',234,'Ukraine',NULL,0),
(130,235,'AE',235,'United Arab Emirates',NULL,0),
(130,236,'GB',236,'United Kingdom',NULL,0),
(130,237,'UM',237,'US Minor Outlying Islands',NULL,0),
(130,238,'UY',238,'Uruguay',NULL,0),
(130,239,'UZ',239,'Uzbekistan',NULL,0),
(130,240,'VU',240,'Vanuatu',NULL,0),
(130,241,'VE',241,'Venezuela (Bolivarian Republic)',NULL,0),
(130,242,'VN',242,'Viet Nam',NULL,0),
(130,243,'VI',243,'Virgin Islands, US',NULL,0),
(130,244,'WF',244,'Wallis and Futuna Islands',NULL,0),
(130,245,'EH',245,'Western Sahara',NULL,0),
(130,246,'YE',246,'Yemen',NULL,0),
(130,247,'ZM',247,'Zambia',NULL,0),
(130,248,'ZW',248,'Zimbabwe',NULL,0),
(140,1,'AL',1,'AL','Alabama',0),
(140,2,'AK',2,'AK','Alaska',0),
(140,3,'AB',3,'AB','Alberta',0),
(140,4,'AS',4,'AS','American Samoa',0),
(140,5,'AZ',5,'AZ','Arizona',0),
(140,6,'AR',6,'AR','Arkansas',0),
(140,7,'BC',7,'BC','British Columbia',0),
(140,8,'CA',8,'CA','California',0),
(140,9,'CO',9,'CO','Colorado',0),
(140,10,'CT',10,'CT','Connecticut',0),
(140,11,'DE',11,'DE','Delaware',0),
(140,12,'DC',12,'DC','District of Columbia',0),
(140,13,'FL',13,'FL','Florida',0),
(140,14,'GA',14,'GA','Georgia',0),
(140,15,'GU',15,'GU','Guam',0),
(140,16,'HI',16,'HI','Hawaii',0),
(140,17,'ID',17,'ID','Idaho',0),
(140,18,'IL',18,'IL','Illinois',0),
(140,19,'IN',19,'IN','Indiana',0),
(140,20,'IA',20,'IA','Iowa',0),
(140,21,'KS',21,'KS','Kansas',0),
(140,22,'KY',22,'KY','Kentucky',0),
(140,23,'LA',23,'LA','Louisiana',0),
(140,24,'ME',24,'ME','Maine',0),
(140,25,'MB',25,'MB','Manitoba',0),
(140,26,'MH',26,'MH','Marshall Islands',0),
(140,27,'MD',27,'MD','Maryland',0),
(140,28,'MA',28,'MA','Massachusetts',0),
(140,29,'MI',29,'MI','Michigan',0),
(140,30,'FM',30,'FM','Micronesia',0),
(140,31,'MN',31,'MN','Minnesota',0),
(140,32,'MS',32,'MS','Mississippi',0),
(140,33,'MO',33,'MO','Missouri',0),
(140,34,'MT',34,'MT','Montana',0),
(140,35,'NE',35,'NE','Nebraska',0),
(140,36,'NV',36,'NV','Nevada',0),
(140,37,'NB',37,'NB','New Brunswick',0),
(140,38,'NH',38,'NH','New Hampshire',0),
(140,39,'NJ',39,'NJ','New Jersey',0),
(140,40,'NM',40,'NM','New Mexico',0),
(140,41,'NY',41,'NY','New York',0),
(140,42,'NL',42,'NL','Newfoundland and Labrador',0),
(140,43,'NC',43,'NC','North Carolina',0),
(140,44,'ND',44,'ND','North Dakota',0),
(140,45,'MP',45,'MP','Northern Marianas',0),
(140,46,'NT',46,'NT','Northwest Territories',0),
(140,47,'NS',47,'NS','Nova Scotia',0),
(140,48,'NU',48,'NU','Nunavut',0),
(140,49,'OH',49,'OH','Ohio',0),
(140,50,'OK',50,'OK','Oklahoma',0),
(140,51,'ON',51,'ON','Ontario',0),
(140,52,'OR',52,'OR','Oregon',0),
(140,53,'PW',53,'PW','Palau',0),
(140,54,'PA',54,'PA','Pennsylvania',0),
(140,55,'PE',55,'PE','Prince Edward Island',0),
(140,56,'PR',56,'PR','Puerto Rico',0),
(140,57,'QC',57,'QC','Quebec',0),
(140,58,'RI',58,'RI','Rhode Island',0),
(140,59,'SK',59,'SK','Saskatchewan',0),
(140,60,'SC',60,'SC','South Carolina',0),
(140,61,'SD',61,'SD','South Dakota',0),
(140,62,'TN',62,'TN','Tennessee',0),
(140,63,'TX',63,'TX','Texas',0),
(140,64,'UT',64,'UT','Utah',0),
(140,65,'VT',65,'VT','Vermont',0),
(140,66,'VI',66,'VI','Virgin Islands',0),
(140,67,'VA',67,'VA','Virginia',0),
(140,68,'WA',68,'WA','Washington',0),
(140,69,'WV',69,'WV','West Virginia',0),
(140,70,'WI',70,'WI','Wisconsin',0),
(140,71,'WY',71,'WY','Wyoming',0),
(140,72,'YT',72,'YT','Yukon',0);
/*!40000 ALTER TABLE `SurveyQuestionTypeDefaults` ENABLE KEYS */;
UNLOCK TABLES;

--
-- Table structure for table `SurveyQuestionTypes`
--

DROP TABLE IF EXISTS `SurveyQuestionTypes`;
/*!40101 SET @saved_cs_client     = @@character_set_client */;
/*!40101 SET character_set_client = utf8 */;
CREATE TABLE `SurveyQuestionTypes` (
  `typeid` int(11) NOT NULL AUTO_INCREMENT,
  `shortname` varchar(100) NOT NULL,
  `description` varchar(1024) DEFAULT NULL,
  `current` tinyint(1) DEFAULT 0,
  `display_order` int(11) NOT NULL,
  PRIMARY KEY (`typeid`)
) ENGINE=InnoDB AUTO_INCREMENT=141 DEFAULT CHARSET=utf8 COLLATE=utf8_general_ci ROW_FORMAT=DYNAMIC COMMENT='Survey Question Type info.';
/*!40101 SET character_set_client = @saved_cs_client */;

--
-- Dumping data for table `SurveyQuestionTypes`
--

LOCK TABLES `SurveyQuestionTypes` WRITE;
/*!40000 ALTER TABLE `SurveyQuestionTypes` DISABLE KEYS */;
INSERT INTO `SurveyQuestionTypes` VALUES
(5,'heading','HTML heading/prompt without input field',1,5),
(10,'hor-radio','Radio button list, select one of many-horizontal output',1,10),
(15,'vert-radio','Radio button list, select one of many-vertical output',1,15),
(20,'single-pulldown','Select list, select one of many',1,20),
(30,'multi-select list','Select list, select multiple of many with Ctrl/click',1,30),
(40,'multi-checkbox list','Checkbox list, check multiple of many',1,31),
(50,'multi-display','left<-->right select boxes, move selected options to right box',1,32),
(60,'openend','Single line of text',1,40),
(70,'text','Multi-line text box',1,50),
(71,'html-text','HTML editor based multi-line text box',1,55),
(80,'numberselect','Number from min to max, ascending or descending',1,60),
(90,'number','Integer fill in the blank',1,61),
(100,'monthnum','Months by number (1-12)',1,140),
(110,'monthabv','Months by abbreviation (Jan-Dec)',1,150),
(120,'monthyear','Months by abbreviation (Jan-Dec, current year-1900)',1,160),
(130,'country','Country List',1,170),
(140,'states','State/Province List',1,180);
/*!40000 ALTER TABLE `SurveyQuestionTypes` ENABLE KEYS */;
UNLOCK TABLES;

--
-- Table structure for table `Tags`
--

DROP TABLE IF EXISTS `Tags`;
/*!40101 SET @saved_cs_client     = @@character_set_client */;
/*!40101 SET character_set_client = utf8 */;
CREATE TABLE `Tags` (
  `tagid` int(11) NOT NULL AUTO_INCREMENT,
  `tagname` varchar(30) DEFAULT NULL,
  `display_order` int(11) NOT NULL DEFAULT 0,
  PRIMARY KEY (`tagid`)
) ENGINE=InnoDB AUTO_INCREMENT=3 DEFAULT CHARSET=utf8 COLLATE=utf8_general_ci;
/*!40101 SET character_set_client = @saved_cs_client */;

--
-- Dumping data for table `Tags`
--

LOCK TABLES `Tags` WRITE;
/*!40000 ALTER TABLE `Tags` DISABLE KEYS */;
INSERT INTO `Tags` VALUES
(1,'GOH',10),
(2,'Virtual',20);
/*!40000 ALTER TABLE `Tags` ENABLE KEYS */;
UNLOCK TABLES;

--
-- Table structure for table `TechLevel`
--

DROP TABLE IF EXISTS `TechLevel`;
/*!40101 SET @saved_cs_client     = @@character_set_client */;
/*!40101 SET character_set_client = utf8 */;
CREATE TABLE `TechLevel` (
  `techlevelid` int(11) NOT NULL AUTO_INCREMENT,
  `techlevel` varchar(30) CHARACTER SET latin1 COLLATE latin1_general_ci DEFAULT NULL,
  `display_order` int(11) NOT NULL DEFAULT 0,
  PRIMARY KEY (`techlevelid`)
) ENGINE=InnoDB AUTO_INCREMENT=100 DEFAULT CHARSET=latin1 COLLATE=latin1_swedish_ci;
/*!40101 SET character_set_client = @saved_cs_client */;

--
-- Dumping data for table `TechLevel`
--

LOCK TABLES `TechLevel` WRITE;
/*!40000 ALTER TABLE `TechLevel` DISABLE KEYS */;
INSERT INTO `TechLevel` VALUES
(1,'Green',1),
(2,'Amber',2),
(3,'Red',3),
(4,'Grey',4),
(99,'Unspecified',99);
/*!40000 ALTER TABLE `TechLevel` ENABLE KEYS */;
UNLOCK TABLES;

--
-- Table structure for table `Times`
--

DROP TABLE IF EXISTS `Times`;
/*!40101 SET @saved_cs_client     = @@character_set_client */;
/*!40101 SET character_set_client = utf8 */;
CREATE TABLE `Times` (
  `timeid` int(11) NOT NULL,
  `timedisplay` char(14) DEFAULT NULL,
  `timevalue` time DEFAULT NULL,
  `next_day` tinyint(4) DEFAULT NULL,
  `display_order` int(11) DEFAULT NULL,
  `avail_start` tinyint(4) DEFAULT NULL,
  `avail_end` tinyint(4) DEFAULT NULL,
  PRIMARY KEY (`timeid`)
) ENGINE=InnoDB DEFAULT CHARSET=utf8 COLLATE=utf8_general_ci;
/*!40101 SET character_set_client = @saved_cs_client */;

--
-- Dumping data for table `Times`
--

LOCK TABLES `Times` WRITE;
/*!40000 ALTER TABLE `Times` DISABLE KEYS */;
INSERT INTO `Times` VALUES
(1,'8:30a','08:30:00',0,1,1,0),
(2,'10:00a','10:00:00',0,2,1,1),
(3,'11:30a','11:30:00',0,3,1,1),
(4,'1:00p','13:00:00',0,4,1,1),
(5,'2:30p','14:30:00',0,5,1,1),
(6,'4:00p','16:00:00',0,6,1,1),
(7,'5:30p','17:30:00',0,7,1,1),
(8,'7:00p','19:00:00',0,8,1,1),
(9,'8:30p','20:30:00',0,9,1,1),
(10,'10:00p','22:00:00',0,10,1,1),
(11,'11:30p','23:30:00',0,11,1,1),
(12,'1:00a (+1d)','01:00:00',1,12,0,1);
/*!40000 ALTER TABLE `Times` ENABLE KEYS */;
UNLOCK TABLES;

--
-- Table structure for table `TrackCompatibility`
--

DROP TABLE IF EXISTS `TrackCompatibility`;
/*!40101 SET @saved_cs_client     = @@character_set_client */;
/*!40101 SET character_set_client = utf8 */;
CREATE TABLE `TrackCompatibility` (
  `previousconid` int(11) NOT NULL,
  `previoustrackid` int(11) NOT NULL,
  `currenttrackid` int(11) NOT NULL,
  PRIMARY KEY (`previousconid`,`previoustrackid`),
  KEY `currenttrackid` (`currenttrackid`),
  CONSTRAINT `TrackCompatibility_ibfk_1` FOREIGN KEY (`previousconid`, `previoustrackid`) REFERENCES `PreviousConTracks` (`previousconid`, `previoustrackid`),
  CONSTRAINT `TrackCompatibility_ibfk_2` FOREIGN KEY (`currenttrackid`) REFERENCES `Tracks` (`trackid`)
) ENGINE=InnoDB DEFAULT CHARSET=utf8 COLLATE=utf8_general_ci;
/*!40101 SET character_set_client = @saved_cs_client */;

--
-- Dumping data for table `TrackCompatibility`
--

LOCK TABLES `TrackCompatibility` WRITE;
/*!40000 ALTER TABLE `TrackCompatibility` DISABLE KEYS */;
/*!40000 ALTER TABLE `TrackCompatibility` ENABLE KEYS */;
UNLOCK TABLES;

--
-- Table structure for table `Tracks`
--

DROP TABLE IF EXISTS `Tracks`;
/*!40101 SET @saved_cs_client     = @@character_set_client */;
/*!40101 SET character_set_client = utf8 */;
CREATE TABLE `Tracks` (
  `trackid` int(11) NOT NULL AUTO_INCREMENT,
  `trackname` varchar(50) DEFAULT NULL,
  `display_order` int(11) DEFAULT NULL,
  `selfselect` tinyint(1) DEFAULT NULL,
  `divisionid` int(11) DEFAULT NULL,
  `description` text DEFAULT NULL,
  PRIMARY KEY (`trackid`),
  KEY `Tracks_ibfk_1` (`divisionid`),
  CONSTRAINT `Tracks_ibfk_1` FOREIGN KEY (`divisionid`) REFERENCES `Divisions` (`divisionid`) ON DELETE SET NULL ON UPDATE CASCADE
) ENGINE=InnoDB AUTO_INCREMENT=103 DEFAULT CHARSET=utf8 COLLATE=utf8_general_ci;
/*!40101 SET character_set_client = @saved_cs_client */;

--
-- Dumping data for table `Tracks`
--

LOCK TABLES `Tracks` WRITE;
/*!40000 ALTER TABLE `Tracks` DISABLE KEYS */;
INSERT INTO `Tracks` VALUES
(1,'Anime',5,1,NULL,NULL),
(2,'Art',10,1,NULL,NULL),
(3,'Costuming',16,1,NULL,NULL),
(4,'Fan Interest',19,1,NULL,NULL),
(6,'Autographing',11,1,NULL,NULL),
(7,'Gaming',35,1,NULL,NULL),
(8,'GOH',40,1,NULL,NULL),
(9,'Literature',45,1,NULL,NULL),
(10,'Media',50,1,NULL,NULL),
(11,'Music',55,1,NULL,NULL),
(12,'Science',70,1,NULL,NULL),
(13,'Writing',86,1,NULL,NULL),
(14,'Roomturn, Refresh, etc.',105,0,NULL,NULL),
(15,'Maker',47,1,NULL,NULL),
(19,'Comics',12,1,NULL,NULL),
(20,'Teen',80,1,NULL,NULL),
(21,'Kids',42,1,NULL,NULL),
(22,'After Dark',2,1,NULL,NULL),
(23,'Communities',13,1,NULL,NULL),
(24,'Trackless events',100,1,NULL,NULL),
(25,'Reading',60,1,NULL,NULL),
(27,'Con tech',110,0,NULL,NULL),
(28,'Theme',83,1,NULL,NULL),
(99,'Unknown',99,0,NULL,NULL),
(100,'ConCom',15,1,NULL,NULL),
(101,'Theater',82,0,NULL,NULL),
(102,'Film',20,1,NULL,NULL);
/*!40000 ALTER TABLE `Tracks` ENABLE KEYS */;
UNLOCK TABLES;

--
-- Table structure for table `Types`
--

DROP TABLE IF EXISTS `Types`;
/*!40101 SET @saved_cs_client     = @@character_set_client */;
/*!40101 SET character_set_client = utf8 */;
CREATE TABLE `Types` (
  `typeid` int(11) NOT NULL AUTO_INCREMENT,
  `typename` varchar(50) DEFAULT NULL,
  `display_order` int(11) DEFAULT NULL,
  `selfselect` tinyint(4) DEFAULT NULL,
  PRIMARY KEY (`typeid`)
) ENGINE=InnoDB AUTO_INCREMENT=100 DEFAULT CHARSET=utf8 COLLATE=utf8_general_ci;
/*!40101 SET character_set_client = @saved_cs_client */;

--
-- Dumping data for table `Types`
--

LOCK TABLES `Types` WRITE;
/*!40000 ALTER TABLE `Types` DISABLE KEYS */;
INSERT INTO `Types` VALUES
(1,'Panel',1,1),
(2,'Workshop',2,1),
(3,'Room Turn',500,0),
(4,'Single Speaker/Lecture',6,1),
(5,'Meeting',29,0),
(6,'Autographing/Signing',13,1),
(7,'Interview',14,1),
(8,'Reading',10,1),
(9,'Rehearsal',100,0),
(12,'Projected Media',30,0),
(14,'Open Gaming',18,0),
(15,'Scheduled Game',19,0),
(17,'Other',50,0),
(18,'Concert',4,0),
(19,'Participatory Event',3,1),
(20,'Drama',40,0),
(21,'Setup',200,0),
(22,'Refresh',499,0),
(23,'Artist Alley',60,0),
(24,'Discussion Group',7,1),
(26,'LARP',20,1),
(27,'Board Game',21,1),
(28,'Tabletop RPG',22,1),
(99,'I do not know',99,0);
/*!40000 ALTER TABLE `Types` ENABLE KEYS */;
UNLOCK TABLES;

--
-- Table structure for table `UserHasPermissionRole`
--

DROP TABLE IF EXISTS `UserHasPermissionRole`;
/*!40101 SET @saved_cs_client     = @@character_set_client */;
/*!40101 SET character_set_client = utf8 */;
CREATE TABLE `UserHasPermissionRole` (
  `badgeid` varchar(15) NOT NULL DEFAULT '',
  `permroleid` int(11) NOT NULL DEFAULT 0,
  PRIMARY KEY (`badgeid`,`permroleid`),
  KEY `FK_UserHasPermissionRole` (`permroleid`),
  CONSTRAINT `UserHasPermissionRole_ibfk_1` FOREIGN KEY (`badgeid`) REFERENCES `Participants` (`badgeid`),
  CONSTRAINT `UserHasPermissionRole_ibfk_2` FOREIGN KEY (`permroleid`) REFERENCES `PermissionRoles` (`permroleid`)
) ENGINE=InnoDB DEFAULT CHARSET=utf8 COLLATE=utf8_general_ci ROW_FORMAT=DYNAMIC;
/*!40101 SET character_set_client = @saved_cs_client */;

--
-- Dumping data for table `UserHasPermissionRole`
--

LOCK TABLES `UserHasPermissionRole` WRITE;
/*!40000 ALTER TABLE `UserHasPermissionRole` DISABLE KEYS */;
INSERT INTO `UserHasPermissionRole` VALUES
('1',1),
('1',2),
('2',3);
/*!40000 ALTER TABLE `UserHasPermissionRole` ENABLE KEYS */;
UNLOCK TABLES;

--
-- Table structure for table `con_info`
--

DROP TABLE IF EXISTS `con_info`;
/*!40101 SET @saved_cs_client     = @@character_set_client */;
/*!40101 SET character_set_client = utf8 */;
CREATE TABLE `con_info` (
  `id` int(11) NOT NULL AUTO_INCREMENT,
  `perennial_con_id` int(11) NOT NULL,
  `name` varchar(90) NOT NULL,
  `display_order` int(11) DEFAULT NULL,
  `header_img_name` varchar(90) DEFAULT NULL,
  `active_from_time` timestamp NOT NULL DEFAULT current_timestamp(),
  `active_to_time` timestamp NOT NULL DEFAULT current_timestamp(),
  `reg_open_time` timestamp NOT NULL DEFAULT current_timestamp(),
  `reg_close_time` timestamp NOT NULL DEFAULT current_timestamp(),
  `con_start_date` date NOT NULL,
  `con_end_date` date NOT NULL,
  PRIMARY KEY (`id`),
  KEY `perennial_con_id` (`perennial_con_id`),
  CONSTRAINT `con_info_ibfk_1` FOREIGN KEY (`perennial_con_id`) REFERENCES `perennial_con_info` (`id`) ON DELETE CASCADE
) ENGINE=InnoDB DEFAULT CHARSET=utf8 COLLATE=utf8_general_ci;
/*!40101 SET character_set_client = @saved_cs_client */;

--
-- Dumping data for table `con_info`
--

LOCK TABLES `con_info` WRITE;
/*!40000 ALTER TABLE `con_info` DISABLE KEYS */;
/*!40000 ALTER TABLE `con_info` ENABLE KEYS */;
UNLOCK TABLES;

--
-- Table structure for table `con_key_dates`
--

DROP TABLE IF EXISTS `con_key_dates`;
/*!40101 SET @saved_cs_client     = @@character_set_client */;
/*!40101 SET character_set_client = utf8 */;
CREATE TABLE `con_key_dates` (
  `id` int(11) NOT NULL AUTO_INCREMENT,
  `con_id` int(11) NOT NULL,
  `display_order` int(11) DEFAULT NULL,
  `external_key` varchar(255) NOT NULL,
  `from_time` timestamp NOT NULL DEFAULT current_timestamp(),
  `to_time` timestamp NOT NULL DEFAULT current_timestamp(),
  PRIMARY KEY (`id`),
  UNIQUE KEY `external_key_uniq` (`con_id`,`external_key`)
) ENGINE=InnoDB DEFAULT CHARSET=utf8 COLLATE=utf8_general_ci;
/*!40101 SET character_set_client = @saved_cs_client */;

--
-- Dumping data for table `con_key_dates`
--

LOCK TABLES `con_key_dates` WRITE;
/*!40000 ALTER TABLE `con_key_dates` DISABLE KEYS */;
/*!40000 ALTER TABLE `con_key_dates` ENABLE KEYS */;
UNLOCK TABLES;

--
-- Temporary table structure for view `current_con`
--

DROP TABLE IF EXISTS `current_con`;
/*!50001 DROP VIEW IF EXISTS `current_con`*/;
SET @saved_cs_client     = @@character_set_client;
SET character_set_client = utf8;
/*!50001 CREATE VIEW `current_con` AS SELECT
 1 AS `id`,
  1 AS `name`,
  1 AS `perennial_name`,
  1 AS `con_start_date`,
  1 AS `con_end_date`,
  1 AS `website_url` */;
SET character_set_client = @saved_cs_client;

--
-- Table structure for table `module`
--

DROP TABLE IF EXISTS `module`;
/*!40101 SET @saved_cs_client     = @@character_set_client */;
/*!40101 SET character_set_client = utf8 */;
CREATE TABLE `module` (
  `id` int(11) NOT NULL AUTO_INCREMENT,
  `name` varchar(64) NOT NULL,
  `package_name` varchar(255) NOT NULL DEFAULT '0',
  `description` text DEFAULT NULL,
  `is_enabled` tinyint(4) NOT NULL DEFAULT 0,
  PRIMARY KEY (`id`)
) ENGINE=InnoDB AUTO_INCREMENT=8 DEFAULT CHARSET=utf8 COLLATE=utf8_general_ci;
/*!40101 SET character_set_client = @saved_cs_client */;

--
-- Dumping data for table `module`
--

LOCK TABLES `module` WRITE;
/*!40000 ALTER TABLE `module` DISABLE KEYS */;
INSERT INTO `module` VALUES
(1,'Volunteering Module','planz.volunteering','The volunteering module allows users to create volunteer shifts, and allows participants to sign up for those shifts',0),
(2,'Auto-Scheduler','planz.autoscheduler','The auto-scheduler attempts to find the optimal schedule using participants\' availability, room sizes, and other data.',0),
(3,'Brainstorm','planz.brainstorm','The brainstorm feature can be used to allow the con\'s attendees to suggest sessions.',1),
(4,'Print Room Schedule','planz.room_schedule','Provide an option (in the Tools area) that allows con staff to print a physical copy of the room schedule for posting beside a room\'s door.',1),
(5,'Assign Session Numbers','planz.session_number','Provide the ability to assign simple session numbers to scheduled sessions, typically in schedule order.',0),
(6,'Table Tents','table_tents.table_tents','Module for printing table tents.',0),
(7,'OBS Feeds','obs.obs_feed','Create extract of sessions per day/room for OBS.',0);
/*!40000 ALTER TABLE `module` ENABLE KEYS */;
UNLOCK TABLES;

--
-- Table structure for table `participant_has_volunteer_shift`
--

DROP TABLE IF EXISTS `participant_has_volunteer_shift`;
/*!40101 SET @saved_cs_client     = @@character_set_client */;
/*!40101 SET character_set_client = utf8 */;
CREATE TABLE `participant_has_volunteer_shift` (
  `badgeid` varchar(15) NOT NULL,
  `volunteer_shift_id` int(11) NOT NULL,
  PRIMARY KEY (`badgeid`,`volunteer_shift_id`),
  KEY `fk_participant_has_shift_to_shift` (`volunteer_shift_id`),
  CONSTRAINT `fk_participant_has_shift_to_shift` FOREIGN KEY (`volunteer_shift_id`) REFERENCES `volunteer_shift` (`id`) ON DELETE CASCADE,
  CONSTRAINT `fk_participant_to_participant_has_shift` FOREIGN KEY (`badgeid`) REFERENCES `Participants` (`badgeid`) ON DELETE CASCADE
) ENGINE=InnoDB DEFAULT CHARSET=utf8 COLLATE=utf8_general_ci;
/*!40101 SET character_set_client = @saved_cs_client */;

--
-- Dumping data for table `participant_has_volunteer_shift`
--

LOCK TABLES `participant_has_volunteer_shift` WRITE;
/*!40000 ALTER TABLE `participant_has_volunteer_shift` DISABLE KEYS */;
/*!40000 ALTER TABLE `participant_has_volunteer_shift` ENABLE KEYS */;
UNLOCK TABLES;

--
-- Table structure for table `participant_on_session_history`
--

DROP TABLE IF EXISTS `participant_on_session_history`;
/*!40101 SET @saved_cs_client     = @@character_set_client */;
/*!40101 SET character_set_client = utf8 */;
CREATE TABLE `participant_on_session_history` (
  `id` int(11) NOT NULL AUTO_INCREMENT,
  `badgeid` varchar(15) NOT NULL DEFAULT '',
  `sessionid` int(11) NOT NULL DEFAULT 0,
  `moderator` tinyint(4) NOT NULL DEFAULT 0,
  `change_ts` timestamp NOT NULL DEFAULT current_timestamp(),
  `change_by_badgeid` varchar(15) NOT NULL DEFAULT '',
  `change_type` varchar(32) NOT NULL DEFAULT '',
  PRIMARY KEY (`id`),
  KEY `participant_on_session_history_ibfk_1` (`badgeid`),
  KEY `participant_on_session_history_ibfk_2` (`sessionid`),
  KEY `participant_on_session_history_ibfk_3` (`change_by_badgeid`),
  CONSTRAINT `participant_on_session_history_ibfk_1` FOREIGN KEY (`badgeid`) REFERENCES `Participants` (`badgeid`),
  CONSTRAINT `participant_on_session_history_ibfk_2` FOREIGN KEY (`sessionid`) REFERENCES `Sessions` (`sessionid`),
  CONSTRAINT `participant_on_session_history_ibfk_3` FOREIGN KEY (`change_by_badgeid`) REFERENCES `Participants` (`badgeid`)
) ENGINE=InnoDB AUTO_INCREMENT=3 DEFAULT CHARSET=utf8 COLLATE=utf8_general_ci;
/*!40101 SET character_set_client = @saved_cs_client */;

--
-- Dumping data for table `participant_on_session_history`
--

LOCK TABLES `participant_on_session_history` WRITE;
/*!40000 ALTER TABLE `participant_on_session_history` DISABLE KEYS */;
/*!40000 ALTER TABLE `participant_on_session_history` ENABLE KEYS */;
UNLOCK TABLES;

--
-- Table structure for table `perennial_con_info`
--

DROP TABLE IF EXISTS `perennial_con_info`;
/*!40101 SET @saved_cs_client     = @@character_set_client */;
/*!40101 SET character_set_client = utf8 */;
CREATE TABLE `perennial_con_info` (
  `id` int(11) NOT NULL AUTO_INCREMENT,
  `name` varchar(90) NOT NULL,
  `display_order` int(11) DEFAULT NULL,
  `website_url` varchar(255) NOT NULL,
  PRIMARY KEY (`id`)
) ENGINE=InnoDB DEFAULT CHARSET=utf8 COLLATE=utf8_general_ci;
/*!40101 SET character_set_client = @saved_cs_client */;

--
-- Dumping data for table `perennial_con_info`
--

LOCK TABLES `perennial_con_info` WRITE;
/*!40000 ALTER TABLE `perennial_con_info` DISABLE KEYS */;
/*!40000 ALTER TABLE `perennial_con_info` ENABLE KEYS */;
UNLOCK TABLES;

--
-- Table structure for table `room_availability_schedule`
--

DROP TABLE IF EXISTS `room_availability_schedule`;
/*!40101 SET @saved_cs_client     = @@character_set_client */;
/*!40101 SET character_set_client = utf8 */;
CREATE TABLE `room_availability_schedule` (
  `id` int(11) NOT NULL AUTO_INCREMENT,
  `name` varchar(255) NOT NULL,
  PRIMARY KEY (`id`)
) ENGINE=InnoDB DEFAULT CHARSET=utf8 COLLATE=utf8_general_ci;
/*!40101 SET character_set_client = @saved_cs_client */;

--
-- Dumping data for table `room_availability_schedule`
--

LOCK TABLES `room_availability_schedule` WRITE;
/*!40000 ALTER TABLE `room_availability_schedule` DISABLE KEYS */;
/*!40000 ALTER TABLE `room_availability_schedule` ENABLE KEYS */;
UNLOCK TABLES;

--
-- Table structure for table `room_availability_slot`
--

DROP TABLE IF EXISTS `room_availability_slot`;
/*!40101 SET @saved_cs_client     = @@character_set_client */;
/*!40101 SET character_set_client = utf8 */;
CREATE TABLE `room_availability_slot` (
  `id` int(11) NOT NULL AUTO_INCREMENT,
  `availability_schedule_id` int(11) NOT NULL,
  `start_time` time NOT NULL,
  `end_time` time NOT NULL,
  `divisionid` int(11) DEFAULT NULL,
  PRIMARY KEY (`id`)
) ENGINE=InnoDB DEFAULT CHARSET=utf8 COLLATE=utf8_general_ci;
/*!40101 SET character_set_client = @saved_cs_client */;

--
-- Dumping data for table `room_availability_slot`
--

LOCK TABLES `room_availability_slot` WRITE;
/*!40000 ALTER TABLE `room_availability_slot` DISABLE KEYS */;
/*!40000 ALTER TABLE `room_availability_slot` ENABLE KEYS */;
UNLOCK TABLES;

--
-- Table structure for table `room_report_group`
--

DROP TABLE IF EXISTS `room_report_group`;
/*!40101 SET @saved_cs_client     = @@character_set_client */;
/*!40101 SET character_set_client = utf8 */;
CREATE TABLE `room_report_group` (
  `id` int(11) NOT NULL AUTO_INCREMENT,
  `room_report_group_name` varchar(100) DEFAULT NULL,
  `description` varchar(1024) DEFAULT NULL,
  `display_order` int(11) NOT NULL DEFAULT 0,
  PRIMARY KEY (`id`)
) ENGINE=InnoDB AUTO_INCREMENT=5 DEFAULT CHARSET=utf8 COLLATE=utf8_general_ci;
/*!40101 SET character_set_client = @saved_cs_client */;

--
-- Dumping data for table `room_report_group`
--

LOCK TABLES `room_report_group` WRITE;
/*!40000 ALTER TABLE `room_report_group` DISABLE KEYS */;
INSERT INTO `room_report_group` VALUES
(1,'Programming Rooms','These are rooms used for Programming panels.',1),
(2,'Event Rooms','These are rooms that have Event sessions.',2),
(3,'Filk Rooms','These are rooms that have Filk sessions.',3),
(4,'Virtual Rooms','These are the virtual rooms.',4);
/*!40000 ALTER TABLE `room_report_group` ENABLE KEYS */;
UNLOCK TABLES;

--
-- Table structure for table `room_report_group_has_room`
--

DROP TABLE IF EXISTS `room_report_group_has_room`;
/*!40101 SET @saved_cs_client     = @@character_set_client */;
/*!40101 SET character_set_client = utf8 */;
CREATE TABLE `room_report_group_has_room` (
  `id` int(11) NOT NULL AUTO_INCREMENT,
  `room_report_group_id` int(11) NOT NULL DEFAULT 0,
  `room_id` int(11) NOT NULL DEFAULT 0,
  `display_order` int(11) DEFAULT 0,
  PRIMARY KEY (`id`),
  KEY `room_report_group_id` (`room_report_group_id`),
  KEY `room_id` (`room_id`),
  CONSTRAINT `FK__room_report_group_has_room__room_report_group` FOREIGN KEY (`room_report_group_id`) REFERENCES `room_report_group` (`id`),
  CONSTRAINT `FK__room_report_group_has_room__rooms` FOREIGN KEY (`room_id`) REFERENCES `Rooms` (`roomid`)
) ENGINE=InnoDB DEFAULT CHARSET=utf8 COLLATE=utf8_general_ci;
/*!40101 SET character_set_client = @saved_cs_client */;

--
-- Dumping data for table `room_report_group_has_room`
--

LOCK TABLES `room_report_group_has_room` WRITE;
/*!40000 ALTER TABLE `room_report_group_has_room` DISABLE KEYS */;
/*!40000 ALTER TABLE `room_report_group_has_room` ENABLE KEYS */;
UNLOCK TABLES;

--
-- Table structure for table `room_to_availability`
--

DROP TABLE IF EXISTS `room_to_availability`;
/*!40101 SET @saved_cs_client     = @@character_set_client */;
/*!40101 SET character_set_client = utf8 */;
CREATE TABLE `room_to_availability` (
  `roomid` int(11) NOT NULL,
  `availability_id` int(11) NOT NULL,
  `day` int(11) NOT NULL
) ENGINE=InnoDB DEFAULT CHARSET=utf8 COLLATE=utf8_general_ci;
/*!40101 SET character_set_client = @saved_cs_client */;

--
-- Dumping data for table `room_to_availability`
--

LOCK TABLES `room_to_availability` WRITE;
/*!40000 ALTER TABLE `room_to_availability` DISABLE KEYS */;
/*!40000 ALTER TABLE `room_to_availability` ENABLE KEYS */;
UNLOCK TABLES;

--
-- Temporary table structure for view `session_change_history`
--

DROP TABLE IF EXISTS `session_change_history`;
/*!50001 DROP VIEW IF EXISTS `session_change_history`*/;
SET @saved_cs_client     = @@character_set_client;
SET character_set_client = utf8;
/*!50001 CREATE VIEW `session_change_history` AS SELECT
 1 AS `sessionid`,
  1 AS `change_by_badgeid`,
  1 AS `change_by_name`,
  1 AS `description`,
  1 AS `change_ts` */;
SET character_set_client = @saved_cs_client;

--
-- Table structure for table `volunteer_job`
--

DROP TABLE IF EXISTS `volunteer_job`;
/*!40101 SET @saved_cs_client     = @@character_set_client */;
/*!40101 SET character_set_client = utf8 */;
CREATE TABLE `volunteer_job` (
  `id` int(11) NOT NULL AUTO_INCREMENT,
  `job_name` varchar(64) NOT NULL,
  `is_online` tinyint(4) NOT NULL DEFAULT 0,
  `job_description` text DEFAULT NULL,
  PRIMARY KEY (`id`)
) ENGINE=InnoDB DEFAULT CHARSET=utf8 COLLATE=utf8_general_ci;
/*!40101 SET character_set_client = @saved_cs_client */;

--
-- Dumping data for table `volunteer_job`
--

LOCK TABLES `volunteer_job` WRITE;
/*!40000 ALTER TABLE `volunteer_job` DISABLE KEYS */;
/*!40000 ALTER TABLE `volunteer_job` ENABLE KEYS */;
UNLOCK TABLES;

--
-- Table structure for table `volunteer_shift`
--

DROP TABLE IF EXISTS `volunteer_shift`;
/*!40101 SET @saved_cs_client     = @@character_set_client */;
/*!40101 SET character_set_client = utf8 */;
CREATE TABLE `volunteer_shift` (
  `id` int(11) NOT NULL AUTO_INCREMENT,
  `volunteer_job_id` int(11) NOT NULL,
  `min_volunteer_count` int(11) NOT NULL,
  `max_volunteer_count` int(11) NOT NULL,
  `location` varchar(100) NOT NULL,
  `from_time` timestamp NOT NULL DEFAULT current_timestamp(),
  `to_time` timestamp NOT NULL DEFAULT current_timestamp(),
  `con_id` int(11) NOT NULL,
  PRIMARY KEY (`id`),
  KEY `fk_volunteer_shift_to_volunteer_job` (`volunteer_job_id`),
  KEY `fk_volunteer_shift_con_id` (`con_id`),
  CONSTRAINT `fk_volunteer_shift_con_id` FOREIGN KEY (`con_id`) REFERENCES `con_info` (`id`),
  CONSTRAINT `fk_volunteer_shift_to_volunteer_job` FOREIGN KEY (`volunteer_job_id`) REFERENCES `volunteer_job` (`id`) ON DELETE CASCADE
) ENGINE=InnoDB DEFAULT CHARSET=utf8 COLLATE=utf8_general_ci;
/*!40101 SET character_set_client = @saved_cs_client */;

--
-- Dumping data for table `volunteer_shift`
--

LOCK TABLES `volunteer_shift` WRITE;
/*!40000 ALTER TABLE `volunteer_shift` DISABLE KEYS */;
/*!40000 ALTER TABLE `volunteer_shift` ENABLE KEYS */;
UNLOCK TABLES;

--
-- Final view structure for view `ParticipantPronouns`
--

/*!50001 DROP VIEW IF EXISTS `ParticipantPronouns`*/;
/*!50001 SET @saved_cs_client          = @@character_set_client */;
/*!50001 SET @saved_cs_results         = @@character_set_results */;
/*!50001 SET @saved_col_connection     = @@collation_connection */;
/*!50001 SET character_set_client      = utf8mb4 */;
/*!50001 SET character_set_results     = utf8mb4 */;
/*!50001 SET collation_connection      = utf8mb4_unicode_ci */;
/*!50001 CREATE ALGORITHM=UNDEFINED */
/*!50013 DEFINER=`db`@`%` SQL SECURITY DEFINER */
/*!50001 VIEW `ParticipantPronouns` AS select `pd`.`badgeid` AS `badgeid`,case when `pd`.`pronounid` = 99 then `pd`.`pronounother` else `pr`.`pronounname` end AS `pronouns` from (`ParticipantDetails` `pd` join `Pronouns` `pr` on(`pd`.`pronounid` = `pr`.`pronounid`)) */;
/*!50001 SET character_set_client      = @saved_cs_client */;
/*!50001 SET character_set_results     = @saved_cs_results */;
/*!50001 SET collation_connection      = @saved_col_connection */;

--
-- Final view structure for view `PreviousCons`
--

/*!50001 DROP VIEW IF EXISTS `PreviousCons`*/;
/*!50001 SET @saved_cs_client          = @@character_set_client */;
/*!50001 SET @saved_cs_results         = @@character_set_results */;
/*!50001 SET @saved_col_connection     = @@collation_connection */;
/*!50001 SET character_set_client      = utf8mb4 */;
/*!50001 SET character_set_results     = utf8mb4 */;
/*!50001 SET collation_connection      = utf8mb4_unicode_ci */;
/*!50001 CREATE ALGORITHM=UNDEFINED */
/*!50013 DEFINER=`db`@`%` SQL SECURITY DEFINER */
/*!50001 VIEW `PreviousCons` AS select `con_info`.`id` AS `previousconid`,`con_info`.`name` AS `previousconname`,`con_info`.`display_order` AS `display_order` from `con_info` where `con_info`.`active_to_time` < current_timestamp() */;
/*!50001 SET character_set_client      = @saved_cs_client */;
/*!50001 SET character_set_results     = @saved_cs_results */;
/*!50001 SET collation_connection      = @saved_col_connection */;

--
-- Final view structure for view `current_con`
--

/*!50001 DROP VIEW IF EXISTS `current_con`*/;
/*!50001 SET @saved_cs_client          = @@character_set_client */;
/*!50001 SET @saved_cs_results         = @@character_set_results */;
/*!50001 SET @saved_col_connection     = @@collation_connection */;
/*!50001 SET character_set_client      = utf8mb4 */;
/*!50001 SET character_set_results     = utf8mb4 */;
/*!50001 SET collation_connection      = utf8mb4_unicode_ci */;
/*!50001 CREATE ALGORITHM=UNDEFINED */
/*!50013 DEFINER=`db`@`%` SQL SECURITY DEFINER */
/*!50001 VIEW `current_con` AS select `c`.`id` AS `id`,`c`.`name` AS `name`,`p`.`name` AS `perennial_name`,`c`.`con_start_date` AS `con_start_date`,`c`.`con_end_date` AS `con_end_date`,`p`.`website_url` AS `website_url` from (`con_info` `c` join `perennial_con_info` `p`) where `c`.`perennial_con_id` = `p`.`id` and `c`.`active_to_time` > current_timestamp() and `c`.`active_from_time` <= current_timestamp() */;
/*!50001 SET character_set_client      = @saved_cs_client */;
/*!50001 SET character_set_results     = @saved_cs_results */;
/*!50001 SET collation_connection      = @saved_col_connection */;

--
-- Final view structure for view `session_change_history`
--

/*!50001 DROP VIEW IF EXISTS `session_change_history`*/;
/*!50001 SET @saved_cs_client          = @@character_set_client */;
/*!50001 SET @saved_cs_results         = @@character_set_results */;
/*!50001 SET @saved_col_connection     = @@collation_connection */;
/*!50001 SET character_set_client      = utf8mb4 */;
/*!50001 SET character_set_results     = utf8mb4 */;
/*!50001 SET collation_connection      = utf8mb4_general_ci */;
/*!50001 CREATE ALGORITHM=UNDEFINED */
/*!50013 DEFINER=`root`@`localhost` SQL SECURITY DEFINER */
/*!50001 VIEW `session_change_history` AS (select `SEH`.`sessionid` AS `sessionid`,`SEH`.`badgeid` AS `change_by_badgeid`,concat(`CD`.`firstname`,' ',`CD`.`lastname`) AS `change_by_name`,concat(`SEC`.`description`,case when `SEH`.`editdescription` is not null then concat('  ',`SEH`.`editdescription`) else '' end,'  status: ',`SS`.`statusname`) AS `description`,`SEH`.`timestamp` AS `change_ts` from (((`SessionEditHistory` `SEH` join `SessionEditCodes` `SEC` on(`SEH`.`sessioneditcode` = `SEC`.`sessioneditcode`)) join `SessionStatuses` `SS` on(`SEH`.`statusid` = `SS`.`statusid`)) join `CongoDump` `CD` on(`CD`.`badgeid` = `SEH`.`badgeid`))) union (select `POSH`.`sessionid` AS `sessionid`,`POSH`.`change_by_badgeid` AS `change_by_badgeid`,`PartCR`.`pubsname` AS `change_by_name`,case when `POSH`.`change_type` = 'insert_assignment' then concat('Add ',`PartOS`.`pubsname`,' to session') when `POSH`.`change_type` = 'remove_assignment' then concat('Remove ',`PartOS`.`pubsname`,' from session') when `POSH`.`change_type` = 'assign_moderator' then concat('Assign ',`PartOS`.`pubsname`,' as moderator') when `POSH`.`change_type` = 'remove_moderator' then concat('Unassign ',`PartOS`.`pubsname`,' as moderator') else 'Unknown action.' end AS `description`,`POSH`.`change_ts` AS `change_ts` from ((`participant_on_session_history` `POSH` join `Participants` `PartOS` on(`PartOS`.`badgeid` = `POSH`.`badgeid`)) join `Participants` `PartCR` on(`PartCR`.`badgeid` = `POSH`.`change_by_badgeid`))) */;
/*!50001 SET character_set_client      = @saved_cs_client */;
/*!50001 SET character_set_results     = @saved_cs_results */;
/*!50001 SET collation_connection      = @saved_col_connection */;
/*!40103 SET TIME_ZONE=@OLD_TIME_ZONE */;

/*!40101 SET SQL_MODE=@OLD_SQL_MODE */;
/*!40014 SET FOREIGN_KEY_CHECKS=@OLD_FOREIGN_KEY_CHECKS */;
/*!40014 SET UNIQUE_CHECKS=@OLD_UNIQUE_CHECKS */;
/*!40101 SET CHARACTER_SET_CLIENT=@OLD_CHARACTER_SET_CLIENT */;
/*!40101 SET CHARACTER_SET_RESULTS=@OLD_CHARACTER_SET_RESULTS */;
/*!40101 SET COLLATION_CONNECTION=@OLD_COLLATION_CONNECTION */;
/*!40111 SET SQL_NOTES=@OLD_SQL_NOTES */;

-- Dump completed on 2025-01-26 11:55:26
